order_id,user_id,order_value,payment_status
1,316,2211,Success
2,717,3827,Success
3,943,3924,Success
4,921,2553,Success
5,500,2621,Success
6,537,4085,Success
7,913,1160,Success
8,652,4235,Success
9,635,1533,Success
10,436,1651,Success
11,523,1659,Success
12,778,2150,Success
13,593,4884,Success
14,444,3683,Success
15,822,4347,Success
16,621,4992,Success
17,208,1126,Success
18,831,2920,Success
19,756,1793,Success
20,276,2566,Success
21,497,1980,Success
22,773,2764,Success
23,297,3581,Success
24,374,3705,Success
25,575,898,Success
26,184,3579,Success
27,32,1043,Success
28,283,4837,Success
29,836,2300,Success
30,873,3509,Success
31,432,3853,Success
32,519,4026,Success
33,686,1847,Success
34,462,2115,Success
35,871,2186,Success
36,984,4720,Success
37,368,2537,Success
38,658,1221,Failed
39,252,4601,Success
40,166,2211,Success
41,615,4049,Success
42,1000,3252,Success
43,705,2883,Success
44,529,4478,Success
45,602,2150,Success
46,371,3167,Success
47,598,4140,Success
48,103,3372,Success
49,594,4920,Failed
50,126,4644,Success
51,38,1439,Success
52,348,2374,Success
53,213,4028,Success
54,319,985,Success
55,998,2118,Success
56,737,1327,Success
57,734,4059,Success
58,426,4283,Success
59,247,3819,Success
60,648,3033,Success
61,286,2367,Success
62,231,1374,Success
63,320,2834,Success
64,512,2124,Success
65,521,2012,Success
66,225,2234,Success
67,506,1337,Success
68,825,2374,Failed
69,107,992,Success
70,699,1986,Success
71,733,4948,Success
72,607,1274,Failed
73,707,2613,Success
74,754,3237,Success
75,742,4179,Success
76,331,2154,Success
77,5,4200,Success
78,863,4554,Success
79,468,4329,Success
80,516,958,Failed
81,776,2637,Success
82,938,1825,Success
83,765,1458,Success
84,163,1477,Success
85,653,4846,Success
86,901,4621,Success
87,808,3175,Success
88,531,1075,Success
89,82,2388,Success
90,481,1045,Success
91,893,1688,Success
92,516,3011,Success
93,640,4825,Success
94,187,800,Failed
95,146,3710,Success
96,152,2984,Success
97,363,4051,Success
98,93,3851,Success
99,31,2310,Success
100,826,4571,Success
101,540,1928,Success
102,649,1497,Success
103,941,1888,Failed
104,602,3219,Success
105,49,3428,Success
106,879,4589,Success
107,258,1485,Success
108,518,3556,Success
109,541,2642,Success
110,410,2532,Success
111,156,2772,Success
112,775,1510,Success
113,546,1124,Success
114,440,3767,Success
115,237,4599,Success
116,650,3394,Success
117,368,1892,Success
118,1000,3755,Failed
119,57,1011,Success
120,175,2381,Success
121,214,4631,Success
122,27,2243,Success
123,807,4943,Success
124,918,1378,Success
125,119,3797,Success
126,147,2554,Success
127,868,3779,Success
128,265,4405,Failed
129,403,1221,Success
130,258,1410,Success
131,860,1245,Success
132,189,1760,Success
133,827,930,Success
134,743,3447,Success
135,982,4879,Success
136,499,3234,Success
137,710,4529,Success
138,239,1824,Success
139,327,2452,Success
140,70,1337,Success
141,929,3883,Success
142,764,1307,Success
143,974,4724,Success
144,705,1480,Success
145,25,3412,Success
146,582,1559,Success
147,156,3947,Failed
148,658,2993,Success
149,831,3346,Success
150,219,2022,Success
151,561,4374,Success
152,379,3823,Success
153,892,4080,Success
154,194,1871,Success
155,40,1340,Success
156,597,1310,Success
157,343,1144,Success
158,503,4169,Success
159,450,4622,Success
160,336,3179,Success
161,4,3280,Success
162,802,1198,Success
163,759,4206,Success
164,517,4080,Success
165,497,4566,Success
166,226,2094,Success
167,150,4051,Success
168,238,4309,Success
169,660,2835,Success
170,103,4649,Success
171,175,2577,Failed
172,461,1179,Success
173,748,4563,Success
174,34,2461,Failed
175,684,3858,Success
176,518,2106,Success
177,440,3265,Success
178,285,815,Success
179,225,3380,Success
180,565,3392,Success
181,257,868,Success
182,59,1210,Success
183,944,3923,Success
184,246,3659,Success
185,519,1718,Success
186,214,2290,Success
187,928,4605,Success
188,590,4143,Success
189,701,3286,Success
190,953,3377,Success
191,819,1072,Failed
192,216,1619,Success
193,403,3415,Success
194,283,3344,Success
195,831,4784,Success
196,956,3781,Success
197,573,2690,Success
198,573,3839,Success
199,215,3482,Success
200,382,1402,Success
201,45,4737,Success
202,917,2232,Success
203,172,1055,Success
204,221,3287,Success
205,385,2158,Success
206,95,4501,Success
207,859,3282,Success
208,44,1489,Success
209,228,4332,Success
210,574,1107,Success
211,317,2496,Success
212,731,3966,Failed
213,335,1208,Success
214,601,4751,Success
215,624,1625,Success
216,719,1991,Success
217,1000,2934,Success
218,467,3894,Success
219,879,4993,Success
220,818,2574,Success
221,715,1333,Success
222,297,3667,Success
223,545,2007,Success
224,489,1216,Success
225,215,3576,Success
226,524,2037,Success
227,2,2743,Success
228,875,2980,Success
229,661,2900,Success
230,654,4918,Success
231,802,4474,Success
232,207,1259,Success
233,341,1449,Success
234,704,919,Success
235,407,3055,Success
236,853,1117,Success
237,306,1667,Success
238,507,4026,Success
239,910,1193,Success
240,469,3352,Success
241,764,4028,Success
242,716,2861,Success
243,874,876,Success
244,558,4210,Success
245,886,1208,Success
246,495,4892,Success
247,261,3067,Success
248,578,1543,Success
249,662,3653,Success
250,582,4634,Success
251,364,4797,Success
252,514,2631,Success
253,541,1787,Success
254,768,3501,Success
255,573,4512,Failed
256,612,4707,Success
257,896,3664,Success
258,455,1554,Success
259,144,1475,Success
260,192,4923,Success
261,865,2510,Success
262,353,4275,Success
263,782,1341,Success
264,299,964,Success
265,460,3055,Success
266,427,1784,Success
267,838,3461,Success
268,823,1417,Success
269,716,4713,Success
270,757,868,Success
271,31,4224,Failed
272,332,4996,Success
273,970,800,Success
274,936,3198,Success
275,411,2854,Success
276,52,985,Success
277,384,3309,Success
278,243,3879,Success
279,775,935,Success
280,686,1182,Success
281,612,3486,Success
282,417,1727,Failed
283,475,4243,Success
284,392,1360,Success
285,389,1989,Success
286,573,1697,Success
287,968,3168,Failed
288,872,2538,Success
289,700,3845,Success
290,469,4672,Success
291,408,3198,Success
292,519,2193,Success
293,189,3388,Success
294,595,4266,Success
295,351,2824,Success
296,932,4485,Success
297,283,1729,Success
298,636,4026,Success
299,157,2203,Success
300,599,999,Success
301,148,4551,Success
302,70,3085,Success
303,972,1470,Success
304,370,2528,Failed
305,588,4038,Success
306,626,2049,Success
307,515,1678,Success
308,234,4151,Success
309,679,3323,Success
310,611,1297,Failed
311,636,2787,Success
312,467,1777,Success
313,557,3844,Success
314,894,3548,Success
315,836,3276,Success
316,287,1338,Success
317,618,4840,Success
318,294,1700,Success
319,481,2266,Success
320,134,3815,Success
321,8,2533,Success
322,28,1290,Failed
323,783,2509,Success
324,735,2553,Success
325,520,2718,Failed
326,310,2834,Success
327,646,3511,Success
328,541,2286,Success
329,627,2300,Success
330,494,997,Success
331,34,2767,Success
332,7,2334,Success
333,40,2513,Success
334,330,2148,Success
335,909,4644,Success
336,62,1395,Success
337,86,938,Success
338,725,1814,Success
339,116,1041,Success
340,577,3163,Success
341,297,1532,Success
342,379,934,Success
343,682,4059,Success
344,628,4561,Success
345,322,3426,Success
346,628,3940,Success
347,733,3286,Success
348,395,2924,Success
349,357,2310,Success
350,562,2618,Success
351,839,3596,Success
352,419,2443,Success
353,478,3568,Success
354,336,4164,Success
355,591,2199,Success
356,1000,2350,Success
357,20,4211,Success
358,412,882,Success
359,891,2279,Success
360,549,3720,Success
361,259,3083,Success
362,605,3240,Success
363,699,2582,Success
364,357,1404,Success
365,201,1530,Success
366,411,2160,Success
367,288,2878,Success
368,48,1777,Failed
369,765,2437,Success
370,558,2781,Success
371,370,3750,Success
372,231,4100,Success
373,95,4804,Success
374,303,1382,Success
375,218,1259,Success
376,552,935,Failed
377,387,2776,Success
378,715,1777,Success
379,628,1083,Failed
380,925,3697,Success
381,91,3198,Success
382,58,4912,Success
383,434,2038,Success
384,522,4266,Success
385,768,3261,Success
386,829,3966,Success
387,761,4504,Success
388,483,2853,Success
389,367,1579,Failed
390,889,2934,Success
391,829,3036,Success
392,407,2439,Success
393,518,1219,Success
394,331,2626,Success
395,700,3938,Success
396,235,4489,Success
397,883,1006,Success
398,411,4190,Failed
399,183,4670,Success
400,287,4596,Success
401,123,3334,Success
402,158,2980,Success
403,323,2197,Success
404,13,2246,Success
405,827,1751,Success
406,566,4821,Success
407,872,2517,Failed
408,789,4605,Success
409,555,3998,Failed
410,779,2396,Success
411,621,4533,Success
412,835,4016,Success
413,678,1706,Success
414,863,4550,Success
415,920,4858,Success
416,618,2954,Success
417,563,2137,Success
418,204,4906,Success
419,957,3295,Success
420,302,3774,Success
421,43,3242,Success
422,795,1160,Success
423,597,3864,Success
424,729,1372,Success
425,670,2755,Success
426,862,3844,Success
427,506,2384,Success
428,639,3033,Success
429,191,4092,Success
430,778,4046,Success
431,899,2614,Success
432,973,4841,Success
433,60,2689,Success
434,795,2699,Success
435,466,3455,Success
436,379,3129,Success
437,429,4518,Success
438,62,1856,Success
439,920,2929,Success
440,302,2306,Success
441,638,2430,Success
442,974,1791,Success
443,999,1993,Success
444,172,4768,Failed
445,505,1502,Success
446,63,1830,Success
447,772,3281,Success
448,16,1362,Success
449,691,1166,Success
450,842,1593,Success
451,880,3903,Success
452,101,1786,Success
453,987,1757,Success
454,176,4395,Success
455,193,1654,Success
456,965,2369,Success
457,973,3056,Success
458,813,4709,Success
459,899,4903,Success
460,273,3022,Success
461,467,4976,Success
462,933,1037,Success
463,773,4088,Success
464,175,2532,Success
465,234,3861,Failed
466,812,1614,Success
467,216,1986,Success
468,491,3025,Success
469,417,1784,Success
470,759,1597,Success
471,533,4962,Failed
472,451,1343,Success
473,836,1319,Failed
474,755,3346,Success
475,800,2254,Success
476,280,1858,Failed
477,244,3036,Failed
478,675,1912,Success
479,146,4206,Success
480,67,1746,Success
481,103,4830,Failed
482,310,935,Success
483,922,3393,Success
484,956,1592,Success
485,637,1936,Success
486,117,2162,Success
487,472,1354,Success
488,763,3372,Success
489,321,4203,Success
490,435,3054,Success
491,370,2166,Success
492,738,1748,Success
493,700,903,Success
494,187,1846,Success
495,588,4826,Success
496,785,3414,Success
497,469,4131,Success
498,661,1763,Success
499,707,4071,Success
500,876,1637,Success
501,796,3258,Success
502,473,1681,Success
503,556,3988,Success
504,454,3002,Success
505,446,4134,Success
506,682,2998,Success
507,94,1011,Success
508,736,2015,Success
509,790,1680,Success
510,38,1554,Success
511,782,1500,Success
512,482,3019,Success
513,747,1170,Success
514,111,2532,Success
515,890,1601,Success
516,410,1789,Success
517,168,1215,Success
518,566,3765,Success
519,397,4137,Success
520,127,4412,Success
521,990,2420,Success
522,787,2335,Success
523,42,3592,Success
524,41,1372,Success
525,562,4455,Success
526,487,1092,Success
527,899,879,Success
528,671,2662,Success
529,844,1418,Failed
530,399,1759,Success
531,182,4078,Failed
532,181,4535,Success
533,941,3013,Success
534,678,4374,Success
535,744,4796,Success
536,718,3277,Success
537,867,4051,Success
538,464,2968,Success
539,50,4045,Success
540,408,3178,Success
541,401,2522,Success
542,146,1961,Success
543,298,2689,Success
544,145,2840,Success
545,16,4771,Success
546,85,4201,Success
547,216,4109,Success
548,482,1899,Success
549,52,4818,Success
550,548,2488,Success
551,107,4932,Success
552,219,1644,Success
553,935,2443,Success
554,337,3133,Success
555,921,2063,Success
556,371,3734,Success
557,998,4485,Success
558,810,1015,Success
559,254,4457,Success
560,405,3140,Failed
561,580,2307,Success
562,985,2890,Success
563,699,4178,Success
564,636,1916,Success
565,30,3540,Success
566,185,2961,Success
567,289,4056,Success
568,359,3768,Success
569,474,1948,Success
570,985,3976,Success
571,565,4145,Success
572,400,4761,Success
573,689,1940,Failed
574,984,3733,Success
575,133,2907,Success
576,502,3248,Success
577,503,1627,Success
578,874,2003,Success
579,999,4103,Success
580,77,1644,Success
581,350,3771,Success
582,60,2068,Success
583,455,2429,Success
584,879,4330,Success
585,465,1603,Success
586,311,927,Success
587,91,1751,Success
588,931,3064,Success
589,965,819,Success
590,298,4438,Failed
591,325,2581,Success
592,280,4634,Success
593,711,3931,Success
594,967,1356,Success
595,118,3044,Success
596,695,3783,Success
597,910,4363,Success
598,567,3525,Success
599,271,4131,Success
600,517,996,Success
