session_id,user_id,session_date
1,947,2025-03-01
2,687,2025-03-29
3,751,2025-03-14
4,772,2025-01-15
5,903,2025-01-04
6,365,2025-03-04
7,163,2025-02-09
8,48,2025-01-09
9,511,2025-01-09
10,329,2025-01-26
11,840,2025-01-04
12,116,2025-03-22
13,941,2025-01-16
14,849,2025-01-15
15,337,2025-02-21
16,881,2025-03-10
17,737,2025-01-05
18,864,2025-01-20
19,840,2025-03-20
20,147,2025-01-18
21,575,2025-01-02
22,806,2025-01-13
23,323,2025-01-04
24,443,2025-02-11
25,837,2025-03-15
26,13,2025-03-02
27,943,2025-01-08
28,494,2025-03-08
29,701,2025-03-04
30,287,2025-01-09
31,720,2025-01-11
32,114,2025-02-11
33,480,2025-01-13
34,22,2025-02-05
35,349,2025-01-13
36,726,2025-01-12
37,683,2025-02-06
38,835,2025-03-15
39,566,2025-03-14
40,906,2025-02-21
41,810,2025-03-12
42,320,2025-01-02
43,126,2025-02-25
44,277,2025-03-01
45,976,2025-01-23
46,204,2025-02-09
47,194,2025-03-05
48,681,2025-03-26
49,664,2025-01-23
50,547,2025-01-29
51,696,2025-03-19
52,286,2025-03-31
53,57,2025-02-20
54,734,2025-03-10
55,303,2025-03-30
56,163,2025-01-31
57,19,2025-02-19
58,370,2025-01-20
59,264,2025-02-24
60,794,2025-03-22
61,113,2025-01-02
62,488,2025-01-25
63,327,2025-01-13
64,542,2025-03-11
65,647,2025-03-08
66,579,2025-02-27
67,65,2025-03-23
68,292,2025-03-16
69,25,2025-03-25
70,549,2025-03-05
71,1,2025-03-10
72,911,2025-03-24
73,549,2025-03-27
74,141,2025-02-28
75,744,2025-03-01
76,648,2025-03-24
77,901,2025-03-03
78,188,2025-01-16
79,128,2025-03-29
80,201,2025-03-09
81,127,2025-01-15
82,257,2025-03-30
83,676,2025-02-24
84,547,2025-02-04
85,194,2025-02-24
86,703,2025-01-14
87,104,2025-02-18
88,535,2025-03-24
89,265,2025-01-07
90,802,2025-01-30
91,942,2025-03-24
92,974,2025-02-18
93,384,2025-03-30
94,260,2025-01-16
95,414,2025-02-20
96,991,2025-03-13
97,358,2025-03-23
98,75,2025-03-21
99,355,2025-03-24
100,584,2025-02-11
101,771,2025-01-17
102,910,2025-03-04
103,188,2025-02-14
104,973,2025-03-18
105,685,2025-01-07
106,992,2025-01-27
107,290,2025-01-10
108,45,2025-02-03
109,573,2025-02-05
110,83,2025-01-25
111,123,2025-01-06
112,358,2025-01-24
113,528,2025-01-18
114,66,2025-03-28
115,936,2025-01-06
116,657,2025-01-29
117,375,2025-01-25
118,162,2025-02-24
119,746,2025-03-22
120,380,2025-02-15
121,656,2025-01-24
122,358,2025-03-16
123,188,2025-01-26
124,322,2025-01-28
125,450,2025-01-03
126,474,2025-03-16
127,13,2025-02-07
128,184,2025-03-02
129,111,2025-03-19
130,927,2025-02-20
131,508,2025-03-31
132,290,2025-02-17
133,295,2025-01-21
134,451,2025-02-23
135,904,2025-02-25
136,215,2025-02-28
137,974,2025-03-13
138,632,2025-02-20
139,894,2025-01-20
140,567,2025-03-27
141,27,2025-02-28
142,630,2025-03-12
143,733,2025-01-09
144,231,2025-01-01
145,565,2025-01-29
146,807,2025-03-04
147,321,2025-03-13
148,913,2025-02-25
149,233,2025-03-09
150,670,2025-02-04
151,437,2025-01-03
152,781,2025-01-07
153,533,2025-01-27
154,403,2025-01-01
155,53,2025-03-21
156,787,2025-03-12
157,313,2025-02-13
158,281,2025-03-28
159,726,2025-02-10
160,31,2025-03-16
161,337,2025-02-11
162,183,2025-02-02
163,23,2025-02-19
164,544,2025-03-04
165,446,2025-02-06
166,74,2025-02-28
167,10,2025-03-22
168,484,2025-02-17
169,456,2025-01-05
170,566,2025-02-17
171,564,2025-01-03
172,660,2025-02-16
173,160,2025-03-03
174,882,2025-01-14
175,14,2025-03-04
176,178,2025-03-02
177,412,2025-01-31
178,878,2025-01-17
179,53,2025-01-24
180,408,2025-01-23
181,847,2025-03-23
182,22,2025-02-19
183,30,2025-03-19
184,703,2025-03-20
185,260,2025-03-20
186,205,2025-03-11
187,59,2025-01-27
188,471,2025-01-15
189,776,2025-02-19
190,466,2025-02-05
191,12,2025-01-08
192,631,2025-03-20
193,927,2025-01-03
194,974,2025-03-03
195,290,2025-02-16
196,850,2025-03-18
197,760,2025-03-29
198,354,2025-03-02
199,639,2025-02-01
200,75,2025-01-13
201,873,2025-01-01
202,716,2025-02-03
203,561,2025-03-03
204,591,2025-03-20
205,441,2025-03-19
206,991,2025-03-23
207,241,2025-03-12
208,861,2025-01-31
209,154,2025-03-05
210,786,2025-01-25
211,96,2025-02-07
212,726,2025-01-14
213,294,2025-01-08
214,209,2025-02-23
215,343,2025-01-02
216,88,2025-03-22
217,818,2025-03-19
218,776,2025-03-30
219,937,2025-02-25
220,390,2025-03-25
221,325,2025-03-26
222,940,2025-03-02
223,889,2025-01-22
224,832,2025-02-04
225,157,2025-01-16
226,668,2025-02-19
227,651,2025-02-12
228,633,2025-01-17
229,577,2025-03-21
230,619,2025-02-27
231,659,2025-01-02
232,137,2025-01-04
233,923,2025-03-26
234,674,2025-02-08
235,428,2025-01-06
236,452,2025-03-22
237,612,2025-03-30
238,850,2025-03-10
239,911,2025-03-10
240,819,2025-01-20
241,141,2025-03-05
242,83,2025-01-16
243,177,2025-02-20
244,198,2025-02-06
245,624,2025-03-14
246,568,2025-03-10
247,972,2025-02-11
248,691,2025-02-26
249,421,2025-03-07
250,401,2025-01-09
251,698,2025-03-27
252,471,2025-03-05
253,218,2025-03-27
254,925,2025-01-22
255,929,2025-02-03
256,828,2025-02-24
257,987,2025-01-29
258,729,2025-02-07
259,632,2025-01-18
260,951,2025-03-12
261,906,2025-03-06
262,175,2025-01-01
263,23,2025-03-29
264,725,2025-01-04
265,917,2025-01-04
266,235,2025-03-23
267,13,2025-01-27
268,101,2025-02-12
269,929,2025-02-28
270,536,2025-02-01
271,876,2025-02-02
272,523,2025-01-28
273,785,2025-02-24
274,452,2025-03-01
275,431,2025-03-11
276,793,2025-03-03
277,606,2025-03-21
278,713,2025-02-03
279,533,2025-03-28
280,852,2025-03-29
281,979,2025-02-25
282,723,2025-01-13
283,652,2025-02-25
284,293,2025-01-18
285,810,2025-02-23
286,913,2025-03-18
287,101,2025-02-12
288,502,2025-02-08
289,304,2025-03-02
290,871,2025-02-11
291,540,2025-03-22
292,553,2025-03-20
293,355,2025-01-18
294,303,2025-01-23
295,496,2025-02-23
296,658,2025-01-30
297,768,2025-02-27
298,974,2025-03-09
299,227,2025-03-08
300,236,2025-03-12
301,873,2025-01-18
302,892,2025-01-07
303,455,2025-02-09
304,13,2025-03-11
305,210,2025-03-27
306,741,2025-03-06
307,397,2025-03-09
308,100,2025-02-18
309,31,2025-02-21
310,898,2025-01-29
311,528,2025-01-21
312,649,2025-03-31
313,329,2025-03-19
314,166,2025-01-09
315,459,2025-02-16
316,822,2025-03-17
317,952,2025-02-11
318,982,2025-02-20
319,993,2025-02-25
320,100,2025-02-20
321,621,2025-03-11
322,855,2025-01-20
323,173,2025-03-29
324,749,2025-01-27
325,162,2025-02-07
326,905,2025-03-13
327,728,2025-03-06
328,776,2025-02-23
329,263,2025-01-24
330,804,2025-02-16
331,274,2025-03-12
332,3,2025-03-24
333,28,2025-03-27
334,326,2025-03-04
335,940,2025-02-26
336,149,2025-02-24
337,540,2025-03-01
338,488,2025-03-03
339,822,2025-01-30
340,438,2025-01-22
341,65,2025-03-16
342,356,2025-03-25
343,533,2025-01-29
344,252,2025-02-10
345,235,2025-02-11
346,227,2025-03-06
347,525,2025-01-31
348,313,2025-01-30
349,49,2025-01-18
350,118,2025-01-17
351,54,2025-02-07
352,650,2025-01-14
353,565,2025-03-28
354,44,2025-03-30
355,815,2025-03-20
356,53,2025-02-25
357,586,2025-01-22
358,558,2025-03-08
359,525,2025-02-25
360,677,2025-01-19
361,102,2025-02-26
362,792,2025-02-13
363,770,2025-02-04
364,982,2025-01-01
365,849,2025-02-21
366,868,2025-03-26
367,398,2025-03-11
368,138,2025-02-06
369,675,2025-03-06
370,921,2025-02-20
371,387,2025-01-01
372,111,2025-01-21
373,614,2025-02-22
374,17,2025-01-16
375,780,2025-03-02
376,182,2025-02-23
377,884,2025-02-09
378,536,2025-01-26
379,541,2025-03-21
380,171,2025-03-06
381,409,2025-03-15
382,740,2025-03-05
383,378,2025-02-12
384,188,2025-01-17
385,858,2025-02-28
386,230,2025-01-23
387,833,2025-01-07
388,852,2025-02-13
389,119,2025-02-22
390,156,2025-03-12
391,784,2025-03-20
392,687,2025-02-03
393,465,2025-02-15
394,104,2025-03-09
395,604,2025-03-19
396,698,2025-03-19
397,972,2025-01-16
398,795,2025-03-12
399,502,2025-01-19
400,693,2025-01-02
401,682,2025-01-10
402,699,2025-02-19
403,175,2025-03-22
404,734,2025-01-12
405,745,2025-03-11
406,674,2025-01-22
407,421,2025-02-01
408,134,2025-03-25
409,391,2025-01-01
410,992,2025-02-23
411,736,2025-02-27
412,501,2025-03-11
413,665,2025-03-24
414,33,2025-01-18
415,55,2025-01-06
416,954,2025-02-14
417,519,2025-01-23
418,756,2025-01-23
419,825,2025-01-26
420,638,2025-03-18
421,12,2025-01-07
422,528,2025-03-20
423,720,2025-02-13
424,555,2025-01-27
425,373,2025-01-26
426,484,2025-03-20
427,973,2025-02-05
428,647,2025-02-24
429,228,2025-03-05
430,623,2025-02-26
431,307,2025-03-10
432,457,2025-03-02
433,160,2025-01-02
434,331,2025-02-24
435,776,2025-03-21
436,225,2025-03-28
437,983,2025-02-07
438,729,2025-03-21
439,504,2025-03-19
440,456,2025-01-29
441,45,2025-01-26
442,214,2025-02-04
443,59,2025-03-20
444,644,2025-03-08
445,616,2025-03-28
446,195,2025-01-29
447,925,2025-02-03
448,489,2025-02-10
449,157,2025-02-10
450,610,2025-01-23
451,226,2025-03-12
452,412,2025-01-03
453,205,2025-02-27
454,79,2025-02-01
455,124,2025-01-31
456,471,2025-03-23
457,940,2025-02-12
458,218,2025-01-07
459,516,2025-01-01
460,602,2025-03-02
461,104,2025-01-14
462,393,2025-02-21
463,631,2025-01-06
464,645,2025-01-10
465,824,2025-03-12
466,608,2025-03-31
467,980,2025-01-30
468,434,2025-01-21
469,331,2025-03-01
470,143,2025-03-22
471,800,2025-03-15
472,540,2025-03-04
473,278,2025-02-11
474,233,2025-02-20
475,529,2025-03-05
476,571,2025-03-17
477,90,2025-02-25
478,492,2025-03-21
479,199,2025-02-10
480,362,2025-02-01
481,441,2025-01-15
482,26,2025-03-03
483,25,2025-01-27
484,394,2025-01-28
485,507,2025-03-22
486,301,2025-03-05
487,339,2025-02-28
488,267,2025-02-27
489,461,2025-01-02
490,693,2025-02-05
491,456,2025-03-12
492,360,2025-01-13
493,68,2025-01-15
494,863,2025-03-30
495,412,2025-03-28
496,971,2025-03-01
497,491,2025-01-22
498,833,2025-03-04
499,49,2025-03-31
500,687,2025-03-16
501,564,2025-03-15
502,102,2025-01-25
503,216,2025-02-17
504,438,2025-02-12
505,700,2025-02-07
506,569,2025-02-10
507,559,2025-02-14
508,159,2025-03-29
509,489,2025-02-09
510,686,2025-01-17
511,242,2025-03-29
512,794,2025-02-26
513,753,2025-01-02
514,882,2025-03-03
515,5,2025-03-29
516,596,2025-01-09
517,820,2025-03-09
518,361,2025-03-22
519,459,2025-01-17
520,248,2025-02-19
521,566,2025-02-09
522,673,2025-02-27
523,946,2025-03-16
524,422,2025-03-26
525,923,2025-01-21
526,738,2025-01-18
527,15,2025-02-24
528,736,2025-01-29
529,573,2025-01-24
530,122,2025-03-15
531,277,2025-01-17
532,558,2025-01-18
533,453,2025-02-11
534,390,2025-03-25
535,294,2025-02-14
536,574,2025-03-23
537,598,2025-01-17
538,446,2025-03-14
539,210,2025-01-14
540,590,2025-02-18
541,714,2025-01-29
542,302,2025-01-04
543,909,2025-03-23
544,223,2025-01-20
545,734,2025-02-16
546,3,2025-01-09
547,990,2025-03-18
548,518,2025-03-20
549,93,2025-01-27
550,520,2025-01-15
551,428,2025-01-19
552,493,2025-03-31
553,235,2025-02-21
554,620,2025-01-26
555,161,2025-03-30
556,721,2025-01-26
557,752,2025-01-26
558,331,2025-02-15
559,333,2025-02-18
560,50,2025-03-23
561,523,2025-02-22
562,863,2025-01-03
563,668,2025-03-07
564,492,2025-02-11
565,582,2025-01-19
566,681,2025-01-17
567,272,2025-02-02
568,580,2025-03-17
569,867,2025-02-18
570,252,2025-02-25
571,560,2025-03-04
572,696,2025-01-03
573,832,2025-02-18
574,699,2025-02-24
575,90,2025-01-26
576,446,2025-03-13
577,332,2025-02-21
578,139,2025-01-07
579,357,2025-02-15
580,601,2025-02-15
581,274,2025-01-16
582,19,2025-01-24
583,983,2025-03-02
584,311,2025-02-23
585,870,2025-03-03
586,886,2025-01-01
587,978,2025-02-18
588,154,2025-01-25
589,390,2025-01-10
590,260,2025-03-21
591,620,2025-01-16
592,883,2025-02-27
593,797,2025-03-13
594,571,2025-01-29
595,125,2025-01-06
596,354,2025-01-16
597,273,2025-01-20
598,619,2025-03-21
599,811,2025-03-12
600,245,2025-03-19
601,848,2025-02-12
602,450,2025-01-26
603,930,2025-03-31
604,247,2025-03-19
605,520,2025-03-12
606,141,2025-02-02
607,362,2025-01-26
608,8,2025-02-14
609,478,2025-03-25
610,352,2025-03-04
611,996,2025-03-08
612,495,2025-02-21
613,606,2025-03-09
614,833,2025-01-26
615,427,2025-03-16
616,39,2025-01-02
617,593,2025-01-14
618,187,2025-01-30
619,596,2025-02-18
620,600,2025-01-12
621,754,2025-03-31
622,854,2025-02-13
623,93,2025-02-02
624,86,2025-01-13
625,44,2025-03-19
626,137,2025-03-29
627,421,2025-01-26
628,74,2025-01-21
629,548,2025-01-28
630,613,2025-02-17
631,988,2025-02-09
632,512,2025-03-07
633,156,2025-03-14
634,938,2025-03-28
635,255,2025-03-20
636,171,2025-03-18
637,981,2025-01-23
638,728,2025-03-22
639,170,2025-02-17
640,764,2025-01-02
641,872,2025-03-25
642,322,2025-01-20
643,567,2025-02-28
644,456,2025-02-15
645,944,2025-01-03
646,603,2025-02-24
647,790,2025-01-12
648,613,2025-02-09
649,155,2025-03-07
650,889,2025-03-19
651,349,2025-01-16
652,451,2025-03-24
653,876,2025-02-03
654,653,2025-02-13
655,173,2025-01-06
656,10,2025-03-18
657,740,2025-03-05
658,265,2025-01-22
659,438,2025-01-18
660,760,2025-01-12
661,247,2025-02-21
662,667,2025-02-20
663,546,2025-03-12
664,499,2025-02-17
665,129,2025-01-19
666,672,2025-01-06
667,601,2025-03-25
668,605,2025-01-27
669,327,2025-02-22
670,753,2025-02-17
671,835,2025-01-07
672,980,2025-02-28
673,404,2025-03-10
674,629,2025-01-11
675,606,2025-01-15
676,675,2025-03-05
677,611,2025-01-03
678,625,2025-03-10
679,359,2025-01-23
680,603,2025-02-22
681,858,2025-02-06
682,718,2025-01-09
683,17,2025-01-15
684,274,2025-01-03
685,685,2025-03-11
686,116,2025-01-17
687,861,2025-01-26
688,980,2025-01-21
689,693,2025-03-13
690,91,2025-01-21
691,82,2025-01-11
692,324,2025-02-07
693,961,2025-03-13
694,114,2025-03-29
695,769,2025-02-04
696,58,2025-01-14
697,154,2025-01-14
698,877,2025-01-10
699,404,2025-01-12
700,628,2025-02-07
701,855,2025-02-03
702,266,2025-02-10
703,315,2025-01-10
704,715,2025-01-17
705,41,2025-01-17
706,105,2025-03-08
707,901,2025-03-03
708,890,2025-01-01
709,193,2025-01-12
710,401,2025-01-04
711,278,2025-02-11
712,354,2025-01-13
713,749,2025-03-26
714,937,2025-03-27
715,733,2025-01-04
716,580,2025-03-23
717,709,2025-03-10
718,256,2025-01-19
719,651,2025-01-02
720,824,2025-01-12
721,947,2025-03-22
722,661,2025-03-15
723,99,2025-01-06
724,588,2025-01-08
725,282,2025-02-20
726,883,2025-01-11
727,403,2025-03-04
728,109,2025-02-26
729,700,2025-01-12
730,199,2025-03-14
731,303,2025-01-02
732,327,2025-01-08
733,154,2025-01-11
734,552,2025-02-22
735,645,2025-01-10
736,405,2025-03-26
737,462,2025-03-25
738,132,2025-01-08
739,791,2025-02-05
740,874,2025-03-17
741,84,2025-01-14
742,399,2025-02-23
743,754,2025-03-26
744,628,2025-03-27
745,109,2025-01-21
746,221,2025-02-19
747,904,2025-02-08
748,553,2025-01-20
749,368,2025-03-29
750,147,2025-03-28
751,112,2025-01-07
752,615,2025-01-09
753,558,2025-01-01
754,924,2025-01-26
755,494,2025-02-07
756,505,2025-02-07
757,475,2025-03-02
758,836,2025-02-13
759,890,2025-03-27
760,271,2025-02-13
761,995,2025-03-15
762,421,2025-03-03
763,897,2025-01-06
764,707,2025-01-17
765,367,2025-02-20
766,280,2025-02-07
767,283,2025-01-24
768,40,2025-02-20
769,959,2025-01-10
770,189,2025-03-13
771,164,2025-01-21
772,994,2025-03-11
773,989,2025-03-26
774,536,2025-02-26
775,536,2025-02-08
776,4,2025-03-29
777,835,2025-02-02
778,290,2025-02-28
779,953,2025-01-18
780,433,2025-02-25
781,471,2025-02-26
782,181,2025-03-17
783,248,2025-02-17
784,628,2025-02-11
785,279,2025-01-27
786,877,2025-03-15
787,581,2025-02-21
788,863,2025-02-11
789,254,2025-02-01
790,181,2025-01-26
791,830,2025-01-25
792,681,2025-03-16
793,825,2025-01-23
794,509,2025-02-26
795,761,2025-02-21
796,700,2025-03-28
797,566,2025-01-31
798,326,2025-03-05
799,357,2025-03-12
800,825,2025-02-02
801,650,2025-03-26
802,680,2025-01-02
803,391,2025-01-18
804,615,2025-02-16
805,934,2025-02-02
806,85,2025-03-25
807,317,2025-02-04
808,212,2025-02-20
809,515,2025-01-18
810,384,2025-03-29
811,691,2025-03-13
812,342,2025-01-30
813,815,2025-02-13
814,964,2025-02-22
815,988,2025-01-10
816,844,2025-03-28
817,38,2025-02-21
818,511,2025-02-18
819,420,2025-01-11
820,751,2025-03-07
821,169,2025-02-27
822,965,2025-03-31
823,909,2025-02-05
824,343,2025-02-02
825,826,2025-02-16
826,306,2025-01-13
827,542,2025-02-09
828,702,2025-03-30
829,869,2025-03-09
830,537,2025-02-11
831,112,2025-01-19
832,411,2025-03-23
833,947,2025-01-19
834,206,2025-02-27
835,185,2025-01-23
836,382,2025-02-23
837,496,2025-03-21
838,379,2025-03-06
839,47,2025-01-12
840,886,2025-01-24
841,740,2025-02-03
842,551,2025-02-22
843,528,2025-01-08
844,504,2025-01-18
845,22,2025-02-26
846,213,2025-01-05
847,310,2025-01-26
848,661,2025-01-30
849,968,2025-02-23
850,753,2025-01-13
851,272,2025-03-24
852,571,2025-01-29
853,799,2025-01-03
854,938,2025-03-31
855,202,2025-02-27
856,32,2025-03-17
857,443,2025-01-02
858,162,2025-03-16
859,767,2025-01-28
860,254,2025-03-23
861,521,2025-03-18
862,977,2025-03-27
863,651,2025-03-17
864,480,2025-01-02
865,10,2025-01-07
866,726,2025-01-26
867,505,2025-03-31
868,785,2025-03-29
869,836,2025-03-17
870,560,2025-01-16
871,436,2025-01-23
872,111,2025-02-09
873,153,2025-03-01
874,635,2025-03-14
875,917,2025-02-01
876,869,2025-01-15
877,102,2025-01-13
878,753,2025-01-05
879,833,2025-03-16
880,191,2025-03-15
881,729,2025-02-21
882,563,2025-03-18
883,804,2025-02-10
884,81,2025-02-22
885,489,2025-02-19
886,895,2025-01-15
887,88,2025-01-07
888,194,2025-02-09
889,104,2025-01-28
890,783,2025-02-01
891,96,2025-01-15
892,423,2025-03-26
893,891,2025-03-11
894,198,2025-03-06
895,1,2025-01-04
896,407,2025-01-11
897,378,2025-01-26
898,167,2025-03-02
899,509,2025-02-06
900,638,2025-01-23
901,313,2025-03-26
902,593,2025-02-09
903,418,2025-03-18
904,763,2025-01-23
905,681,2025-01-16
906,477,2025-03-02
907,73,2025-03-09
908,141,2025-03-21
909,582,2025-01-31
910,262,2025-02-22
911,340,2025-01-25
912,308,2025-02-13
913,245,2025-01-12
914,515,2025-03-31
915,337,2025-01-09
916,575,2025-01-12
917,561,2025-03-10
918,76,2025-02-23
919,880,2025-02-23
920,175,2025-01-28
921,109,2025-02-25
922,183,2025-03-10
923,192,2025-03-18
924,65,2025-02-27
925,849,2025-03-19
926,963,2025-03-16
927,474,2025-02-11
928,783,2025-02-07
929,100,2025-03-09
930,544,2025-02-22
931,864,2025-02-02
932,128,2025-03-12
933,452,2025-02-25
934,914,2025-03-13
935,369,2025-02-20
936,851,2025-03-15
937,43,2025-02-12
938,884,2025-01-15
939,419,2025-02-07
940,488,2025-01-15
941,78,2025-01-05
942,826,2025-03-24
943,801,2025-02-23
944,270,2025-02-20
945,674,2025-01-10
946,701,2025-01-12
947,759,2025-01-04
948,900,2025-01-18
949,728,2025-03-21
950,315,2025-02-05
951,925,2025-01-25
952,851,2025-03-28
953,902,2025-03-17
954,889,2025-02-05
955,993,2025-03-08
956,945,2025-01-09
957,168,2025-03-02
958,339,2025-02-22
959,193,2025-01-18
960,453,2025-02-12
961,283,2025-02-04
962,336,2025-03-04
963,390,2025-03-19
964,1000,2025-01-04
965,525,2025-02-10
966,240,2025-02-14
967,832,2025-02-19
968,958,2025-03-20
969,483,2025-01-28
970,659,2025-02-11
971,716,2025-03-21
972,592,2025-03-17
973,891,2025-03-10
974,555,2025-01-01
975,458,2025-02-08
976,89,2025-03-31
977,660,2025-01-17
978,95,2025-03-29
979,452,2025-02-04
980,428,2025-02-15
981,151,2025-02-11
982,514,2025-02-08
983,376,2025-03-31
984,22,2025-02-18
985,883,2025-03-03
986,313,2025-02-07
987,997,2025-01-23
988,840,2025-01-22
989,519,2025-01-04
990,206,2025-02-18
991,952,2025-02-28
992,375,2025-03-14
993,451,2025-03-09
994,626,2025-03-12
995,784,2025-03-28
996,595,2025-01-02
997,179,2025-02-18
998,210,2025-03-29
999,500,2025-01-31
1000,464,2025-02-09
1001,840,2025-02-17
1002,124,2025-02-20
1003,993,2025-02-12
1004,113,2025-02-24
1005,12,2025-03-29
1006,126,2025-02-18
1007,565,2025-03-31
1008,331,2025-03-21
1009,901,2025-02-26
1010,283,2025-03-18
1011,140,2025-01-15
1012,401,2025-01-27
1013,902,2025-03-09
1014,97,2025-03-21
1015,517,2025-03-05
1016,569,2025-01-30
1017,924,2025-02-05
1018,846,2025-03-08
1019,69,2025-03-27
1020,118,2025-03-27
1021,888,2025-02-18
1022,59,2025-03-17
1023,33,2025-02-24
1024,318,2025-03-26
1025,50,2025-02-25
1026,880,2025-03-09
1027,489,2025-02-13
1028,19,2025-01-31
1029,726,2025-02-27
1030,197,2025-03-28
1031,891,2025-02-22
1032,450,2025-03-25
1033,990,2025-03-20
1034,559,2025-01-23
1035,679,2025-01-28
1036,452,2025-01-16
1037,289,2025-02-06
1038,141,2025-01-21
1039,84,2025-03-20
1040,694,2025-01-17
1041,391,2025-02-06
1042,591,2025-03-18
1043,215,2025-01-19
1044,526,2025-01-30
1045,215,2025-02-14
1046,403,2025-01-18
1047,128,2025-03-19
1048,822,2025-03-03
1049,477,2025-02-05
1050,760,2025-03-25
1051,404,2025-02-21
1052,29,2025-01-19
1053,792,2025-02-13
1054,338,2025-01-07
1055,831,2025-02-13
1056,714,2025-03-09
1057,361,2025-02-03
1058,569,2025-03-07
1059,392,2025-03-10
1060,218,2025-02-24
1061,574,2025-01-10
1062,669,2025-02-11
1063,202,2025-02-10
1064,17,2025-03-18
1065,322,2025-03-10
1066,518,2025-01-10
1067,570,2025-01-10
1068,325,2025-03-01
1069,412,2025-02-20
1070,318,2025-01-21
1071,681,2025-01-08
1072,965,2025-03-06
1073,82,2025-03-19
1074,474,2025-03-26
1075,468,2025-01-30
1076,425,2025-03-26
1077,945,2025-02-18
1078,731,2025-01-09
1079,689,2025-01-17
1080,204,2025-03-10
1081,583,2025-02-27
1082,387,2025-02-26
1083,778,2025-03-03
1084,98,2025-02-21
1085,345,2025-03-02
1086,803,2025-02-09
1087,208,2025-02-07
1088,514,2025-02-12
1089,636,2025-03-04
1090,792,2025-01-19
1091,586,2025-02-19
1092,166,2025-02-02
1093,22,2025-01-13
1094,154,2025-03-19
1095,939,2025-03-03
1096,439,2025-02-12
1097,295,2025-02-18
1098,219,2025-02-05
1099,669,2025-01-10
1100,495,2025-01-06
1101,230,2025-02-26
1102,20,2025-01-01
1103,987,2025-03-12
1104,553,2025-02-27
1105,950,2025-01-21
1106,148,2025-03-21
1107,108,2025-02-25
1108,403,2025-03-28
1109,596,2025-01-20
1110,483,2025-02-23
1111,367,2025-01-25
1112,834,2025-01-28
1113,414,2025-01-05
1114,309,2025-01-21
1115,802,2025-01-18
1116,918,2025-02-16
1117,835,2025-03-11
1118,134,2025-02-26
1119,719,2025-01-19
1120,283,2025-03-06
1121,778,2025-01-03
1122,73,2025-02-11
1123,481,2025-01-21
1124,352,2025-02-09
1125,560,2025-03-08
1126,326,2025-01-25
1127,745,2025-02-24
1128,443,2025-03-25
1129,100,2025-02-21
1130,59,2025-02-13
1131,508,2025-03-26
1132,258,2025-02-25
1133,413,2025-02-24
1134,452,2025-03-28
1135,65,2025-03-11
1136,595,2025-03-18
1137,154,2025-03-28
1138,985,2025-03-14
1139,266,2025-03-22
1140,821,2025-03-07
1141,79,2025-01-19
1142,315,2025-03-24
1143,662,2025-01-07
1144,947,2025-03-04
1145,560,2025-02-11
1146,917,2025-02-11
1147,891,2025-02-28
1148,248,2025-01-20
1149,790,2025-03-14
1150,868,2025-01-17
1151,610,2025-01-27
1152,414,2025-02-16
1153,25,2025-01-02
1154,284,2025-03-04
1155,449,2025-03-03
1156,881,2025-01-19
1157,301,2025-01-17
1158,68,2025-03-10
1159,7,2025-02-08
1160,817,2025-03-23
1161,137,2025-03-12
1162,164,2025-03-22
1163,83,2025-02-08
1164,897,2025-02-05
1165,650,2025-02-09
1166,420,2025-02-14
1167,73,2025-01-04
1168,237,2025-01-25
1169,46,2025-03-10
1170,618,2025-01-30
1171,928,2025-03-17
1172,800,2025-03-09
1173,262,2025-03-29
1174,176,2025-01-29
1175,166,2025-03-14
1176,657,2025-03-09
1177,842,2025-02-20
1178,370,2025-01-24
1179,795,2025-01-14
1180,54,2025-03-10
1181,690,2025-01-18
1182,419,2025-02-11
1183,756,2025-02-26
1184,507,2025-03-24
1185,341,2025-01-12
1186,127,2025-03-23
1187,409,2025-01-17
1188,924,2025-01-30
1189,367,2025-03-29
1190,271,2025-03-16
1191,644,2025-01-23
1192,605,2025-03-22
1193,379,2025-01-01
1194,73,2025-03-20
1195,923,2025-02-01
1196,922,2025-01-09
1197,915,2025-01-15
1198,248,2025-01-28
1199,860,2025-01-24
1200,785,2025-03-01
1201,43,2025-02-04
1202,377,2025-03-27
1203,41,2025-01-27
1204,170,2025-03-24
1205,946,2025-03-17
1206,212,2025-01-20
1207,493,2025-03-06
1208,680,2025-03-26
1209,39,2025-02-18
1210,369,2025-01-01
1211,757,2025-01-10
1212,151,2025-02-16
1213,111,2025-02-28
1214,480,2025-03-03
1215,436,2025-03-27
1216,47,2025-01-18
1217,575,2025-02-15
1218,737,2025-02-01
1219,366,2025-01-27
1220,69,2025-01-18
1221,299,2025-02-08
1222,944,2025-02-18
1223,802,2025-03-23
1224,296,2025-02-13
1225,203,2025-03-13
1226,61,2025-02-23
1227,946,2025-02-03
1228,963,2025-03-12
1229,830,2025-02-05
1230,314,2025-01-18
1231,161,2025-02-07
1232,331,2025-02-28
1233,528,2025-01-09
1234,338,2025-03-14
1235,606,2025-03-13
1236,304,2025-02-20
1237,503,2025-02-04
1238,650,2025-03-23
1239,338,2025-01-05
1240,550,2025-01-14
1241,639,2025-01-30
1242,275,2025-01-04
1243,164,2025-02-08
1244,443,2025-03-25
1245,319,2025-03-05
1246,589,2025-01-25
1247,504,2025-01-28
1248,686,2025-03-17
1249,387,2025-03-07
1250,970,2025-03-19
1251,870,2025-01-22
1252,833,2025-01-31
1253,888,2025-01-23
1254,603,2025-02-17
1255,750,2025-01-20
1256,776,2025-02-07
1257,691,2025-02-24
1258,494,2025-03-09
1259,490,2025-03-20
1260,721,2025-03-29
1261,73,2025-03-30
1262,509,2025-01-01
1263,390,2025-01-07
1264,619,2025-02-26
1265,857,2025-01-12
1266,295,2025-01-05
1267,369,2025-02-19
1268,956,2025-02-11
1269,796,2025-01-12
1270,865,2025-01-18
1271,694,2025-03-07
1272,549,2025-03-15
1273,649,2025-03-20
1274,850,2025-01-17
1275,568,2025-03-09
1276,187,2025-03-12
1277,853,2025-03-03
1278,770,2025-02-10
1279,445,2025-02-03
1280,570,2025-03-11
1281,363,2025-02-14
1282,123,2025-02-27
1283,188,2025-02-20
1284,742,2025-02-03
1285,680,2025-02-13
1286,420,2025-01-15
1287,626,2025-03-19
1288,252,2025-03-11
1289,619,2025-02-19
1290,549,2025-02-01
1291,335,2025-03-08
1292,92,2025-01-03
1293,530,2025-03-27
1294,866,2025-03-27
1295,63,2025-03-15
1296,662,2025-02-20
1297,512,2025-03-08
1298,139,2025-03-17
1299,698,2025-02-17
1300,185,2025-01-17
1301,205,2025-01-07
1302,772,2025-01-13
1303,214,2025-03-07
1304,256,2025-01-04
1305,135,2025-01-10
1306,573,2025-03-29
1307,875,2025-01-17
1308,822,2025-02-21
1309,88,2025-01-06
1310,836,2025-03-24
1311,988,2025-03-10
1312,207,2025-03-15
1313,129,2025-01-09
1314,823,2025-03-18
1315,3,2025-03-24
1316,974,2025-01-21
1317,934,2025-01-24
1318,754,2025-01-04
1319,121,2025-01-24
1320,385,2025-02-28
1321,614,2025-01-03
1322,38,2025-03-09
1323,341,2025-02-09
1324,925,2025-02-17
1325,645,2025-02-23
1326,714,2025-02-04
1327,860,2025-02-25
1328,21,2025-03-30
1329,242,2025-02-09
1330,455,2025-03-18
1331,963,2025-03-09
1332,621,2025-02-15
1333,303,2025-03-19
1334,596,2025-01-13
1335,595,2025-01-27
1336,803,2025-01-06
1337,964,2025-01-17
1338,69,2025-02-05
1339,129,2025-03-22
1340,196,2025-01-02
1341,140,2025-03-18
1342,444,2025-02-21
1343,283,2025-03-07
1344,312,2025-02-21
1345,746,2025-02-12
1346,535,2025-03-31
1347,665,2025-01-22
1348,277,2025-02-24
1349,61,2025-03-08
1350,319,2025-03-01
1351,890,2025-02-27
1352,52,2025-01-12
1353,856,2025-03-29
1354,153,2025-03-10
1355,749,2025-03-25
1356,311,2025-02-08
1357,814,2025-01-13
1358,544,2025-02-10
1359,567,2025-02-26
1360,864,2025-02-22
1361,389,2025-01-12
1362,548,2025-01-13
1363,622,2025-03-15
1364,177,2025-02-26
1365,362,2025-02-09
1366,314,2025-03-21
1367,807,2025-02-14
1368,848,2025-02-04
1369,97,2025-01-03
1370,881,2025-01-05
1371,213,2025-03-31
1372,829,2025-01-11
1373,137,2025-03-12
1374,6,2025-02-25
1375,109,2025-01-10
1376,547,2025-02-03
1377,39,2025-03-08
1378,662,2025-03-13
1379,425,2025-01-31
1380,630,2025-03-16
1381,261,2025-03-12
1382,426,2025-03-07
1383,87,2025-03-11
1384,465,2025-02-10
1385,76,2025-03-04
1386,471,2025-02-01
1387,976,2025-01-20
1388,963,2025-02-26
1389,414,2025-02-19
1390,825,2025-03-21
1391,895,2025-01-25
1392,726,2025-01-12
1393,457,2025-03-12
1394,285,2025-02-08
1395,239,2025-01-17
1396,677,2025-02-14
1397,599,2025-01-11
1398,653,2025-03-11
1399,672,2025-01-23
1400,558,2025-03-11
1401,372,2025-02-07
1402,495,2025-01-02
1403,624,2025-03-27
1404,919,2025-03-25
1405,45,2025-03-30
1406,401,2025-03-20
1407,247,2025-03-13
1408,616,2025-02-06
1409,597,2025-02-18
1410,450,2025-02-21
1411,485,2025-02-02
1412,646,2025-01-22
1413,620,2025-01-05
1414,18,2025-01-18
1415,606,2025-02-07
1416,662,2025-02-06
1417,758,2025-03-05
1418,289,2025-01-10
1419,414,2025-03-20
1420,721,2025-02-11
1421,638,2025-02-17
1422,235,2025-02-13
1423,416,2025-03-23
1424,938,2025-03-28
1425,499,2025-01-16
1426,974,2025-02-23
1427,634,2025-02-04
1428,650,2025-01-28
1429,115,2025-01-02
1430,932,2025-01-13
1431,674,2025-02-10
1432,713,2025-03-21
1433,234,2025-02-28
1434,540,2025-03-10
1435,11,2025-02-22
1436,206,2025-02-14
1437,679,2025-01-20
1438,247,2025-01-24
1439,559,2025-03-02
1440,758,2025-02-27
1441,127,2025-01-27
1442,147,2025-01-26
1443,118,2025-01-07
1444,911,2025-02-11
1445,382,2025-02-16
1446,412,2025-02-22
1447,664,2025-02-28
1448,584,2025-02-07
1449,363,2025-03-10
1450,509,2025-03-28
1451,137,2025-02-22
1452,175,2025-01-15
1453,289,2025-01-26
1454,958,2025-02-17
1455,481,2025-01-19
1456,19,2025-01-09
1457,195,2025-03-05
1458,330,2025-02-23
1459,936,2025-02-20
1460,175,2025-02-08
1461,449,2025-01-04
1462,925,2025-01-03
1463,946,2025-03-05
1464,354,2025-01-29
1465,499,2025-01-11
1466,141,2025-02-27
1467,758,2025-03-16
1468,897,2025-01-27
1469,930,2025-01-21
1470,93,2025-02-08
1471,944,2025-02-15
1472,239,2025-03-07
1473,205,2025-02-05
1474,560,2025-03-16
1475,433,2025-03-23
1476,245,2025-03-06
1477,832,2025-03-04
1478,317,2025-02-04
1479,925,2025-01-31
1480,295,2025-01-28
1481,640,2025-01-01
1482,856,2025-01-25
1483,282,2025-02-12
1484,17,2025-03-25
1485,71,2025-03-08
1486,269,2025-03-04
1487,325,2025-02-20
1488,794,2025-01-02
1489,305,2025-03-23
1490,451,2025-03-05
1491,7,2025-03-15
1492,314,2025-03-10
1493,817,2025-01-09
1494,103,2025-01-02
1495,821,2025-02-03
1496,193,2025-03-01
1497,753,2025-03-02
1498,574,2025-01-31
1499,529,2025-01-10
1500,171,2025-03-17
1501,537,2025-02-05
1502,251,2025-03-26
1503,765,2025-02-18
1504,387,2025-03-11
1505,207,2025-02-18
1506,541,2025-01-03
1507,629,2025-03-15
1508,416,2025-01-05
1509,794,2025-03-31
1510,380,2025-03-02
1511,144,2025-03-26
1512,25,2025-03-31
1513,822,2025-01-26
1514,668,2025-03-13
1515,73,2025-01-05
1516,632,2025-01-15
1517,824,2025-01-16
1518,833,2025-01-01
1519,93,2025-01-16
1520,505,2025-02-06
1521,598,2025-01-03
1522,336,2025-02-21
1523,425,2025-02-16
1524,499,2025-01-13
1525,364,2025-03-21
1526,947,2025-02-24
1527,630,2025-01-21
1528,745,2025-03-07
1529,199,2025-02-23
1530,718,2025-01-27
1531,413,2025-02-07
1532,339,2025-03-31
1533,659,2025-02-27
1534,962,2025-03-03
1535,937,2025-02-15
1536,429,2025-03-30
1537,783,2025-01-11
1538,899,2025-03-13
1539,139,2025-01-08
1540,693,2025-03-12
1541,942,2025-03-05
1542,542,2025-01-21
1543,57,2025-03-13
1544,232,2025-03-04
1545,658,2025-03-26
1546,435,2025-03-05
1547,384,2025-01-20
1548,560,2025-01-08
1549,194,2025-02-27
1550,736,2025-02-15
1551,648,2025-01-31
1552,534,2025-01-09
1553,518,2025-01-15
1554,716,2025-01-26
1555,751,2025-01-10
1556,185,2025-01-29
1557,872,2025-03-21
1558,292,2025-02-05
1559,335,2025-03-25
1560,732,2025-02-06
1561,116,2025-03-27
1562,825,2025-03-12
1563,49,2025-01-23
1564,685,2025-02-10
1565,82,2025-03-21
1566,834,2025-01-28
1567,333,2025-02-17
1568,557,2025-02-07
1569,335,2025-01-31
1570,532,2025-01-14
1571,960,2025-03-14
1572,221,2025-03-29
1573,635,2025-03-18
1574,746,2025-03-31
1575,733,2025-01-29
1576,323,2025-02-20
1577,851,2025-02-18
1578,3,2025-02-12
1579,694,2025-03-13
1580,206,2025-03-28
1581,832,2025-01-05
1582,40,2025-02-11
1583,59,2025-01-07
1584,951,2025-02-11
1585,574,2025-02-05
1586,644,2025-01-27
1587,507,2025-02-27
1588,572,2025-02-15
1589,884,2025-03-07
1590,843,2025-01-25
1591,122,2025-03-14
1592,479,2025-01-27
1593,619,2025-01-01
1594,96,2025-03-28
1595,859,2025-03-15
1596,414,2025-02-11
1597,235,2025-02-21
1598,898,2025-01-25
1599,62,2025-02-23
1600,256,2025-03-08
1601,561,2025-01-06
1602,905,2025-02-27
1603,348,2025-03-11
1604,671,2025-02-22
1605,124,2025-03-07
1606,482,2025-02-27
1607,317,2025-03-23
1608,504,2025-03-28
1609,719,2025-01-02
1610,48,2025-03-17
1611,409,2025-01-22
1612,932,2025-02-06
1613,136,2025-01-20
1614,201,2025-01-24
1615,250,2025-03-25
1616,314,2025-03-06
1617,869,2025-03-06
1618,368,2025-03-22
1619,429,2025-01-01
1620,830,2025-01-03
1621,807,2025-02-15
1622,480,2025-02-24
1623,314,2025-03-16
1624,500,2025-03-29
1625,721,2025-03-27
1626,355,2025-03-05
1627,485,2025-02-14
1628,211,2025-01-26
1629,704,2025-03-18
1630,44,2025-03-06
1631,541,2025-01-24
1632,571,2025-03-15
1633,583,2025-02-04
1634,92,2025-01-24
1635,265,2025-01-28
1636,895,2025-03-21
1637,220,2025-01-16
1638,902,2025-02-28
1639,925,2025-03-22
1640,442,2025-02-23
1641,401,2025-03-20
1642,400,2025-01-16
1643,727,2025-01-15
1644,991,2025-01-11
1645,899,2025-03-06
1646,789,2025-03-20
1647,576,2025-03-31
1648,858,2025-03-09
1649,804,2025-02-12
1650,490,2025-03-10
1651,485,2025-01-13
1652,757,2025-01-10
1653,470,2025-03-16
1654,574,2025-03-23
1655,938,2025-02-10
1656,844,2025-02-19
1657,682,2025-03-28
1658,445,2025-03-12
1659,269,2025-02-28
1660,267,2025-02-08
1661,54,2025-01-03
1662,528,2025-03-17
1663,520,2025-01-07
1664,616,2025-02-18
1665,59,2025-01-26
1666,825,2025-02-02
1667,40,2025-02-17
1668,237,2025-03-20
1669,955,2025-01-02
1670,386,2025-03-12
1671,606,2025-02-01
1672,734,2025-01-04
1673,716,2025-01-20
1674,650,2025-02-05
1675,300,2025-02-01
1676,395,2025-01-28
1677,207,2025-03-18
1678,336,2025-01-01
1679,593,2025-03-01
1680,730,2025-02-25
1681,514,2025-02-04
1682,178,2025-01-30
1683,396,2025-02-23
1684,371,2025-02-05
1685,858,2025-02-24
1686,791,2025-03-30
1687,658,2025-03-21
1688,318,2025-02-27
1689,736,2025-03-24
1690,369,2025-03-06
1691,384,2025-03-10
1692,62,2025-02-20
1693,806,2025-01-22
1694,505,2025-03-29
1695,239,2025-02-22
1696,195,2025-02-05
1697,678,2025-03-09
1698,963,2025-02-05
1699,222,2025-02-21
1700,61,2025-02-22
1701,129,2025-03-23
1702,990,2025-02-19
1703,685,2025-03-21
1704,992,2025-02-10
1705,156,2025-01-18
1706,917,2025-01-22
1707,378,2025-03-07
1708,622,2025-01-21
1709,781,2025-02-13
1710,923,2025-02-16
1711,868,2025-02-08
1712,903,2025-01-29
1713,790,2025-02-23
1714,586,2025-03-31
1715,999,2025-03-26
1716,437,2025-01-17
1717,975,2025-03-21
1718,207,2025-03-01
1719,388,2025-01-31
1720,480,2025-03-14
1721,791,2025-03-19
1722,887,2025-02-18
1723,838,2025-01-02
1724,984,2025-02-17
1725,340,2025-01-14
1726,869,2025-02-28
1727,340,2025-02-27
1728,204,2025-02-27
1729,161,2025-02-20
1730,540,2025-03-25
1731,392,2025-01-02
1732,769,2025-02-10
1733,677,2025-03-24
1734,575,2025-03-23
1735,534,2025-01-16
1736,70,2025-01-04
1737,893,2025-01-12
1738,405,2025-01-29
1739,608,2025-01-07
1740,675,2025-01-14
1741,591,2025-01-12
1742,517,2025-01-05
1743,828,2025-03-22
1744,120,2025-02-01
1745,814,2025-03-15
1746,690,2025-02-12
1747,688,2025-03-22
1748,902,2025-03-10
1749,217,2025-02-14
1750,56,2025-01-09
1751,366,2025-02-18
1752,699,2025-02-02
1753,504,2025-01-18
1754,744,2025-01-09
1755,767,2025-03-03
1756,925,2025-02-26
1757,455,2025-01-29
1758,104,2025-03-19
1759,77,2025-01-25
1760,230,2025-01-15
1761,914,2025-01-06
1762,258,2025-02-11
1763,264,2025-01-29
1764,331,2025-03-20
1765,993,2025-01-04
1766,182,2025-03-23
1767,893,2025-02-26
1768,768,2025-02-18
1769,550,2025-02-13
1770,688,2025-03-21
1771,27,2025-03-16
1772,276,2025-01-14
1773,652,2025-01-03
1774,299,2025-03-03
1775,957,2025-03-05
1776,799,2025-02-14
1777,91,2025-03-23
1778,480,2025-02-27
1779,573,2025-01-20
1780,458,2025-02-27
1781,451,2025-03-30
1782,365,2025-02-26
1783,859,2025-03-18
1784,675,2025-03-09
1785,351,2025-03-19
1786,655,2025-02-21
1787,400,2025-02-06
1788,253,2025-01-08
1789,781,2025-02-13
1790,881,2025-01-05
1791,803,2025-03-10
1792,459,2025-01-31
1793,699,2025-02-14
1794,917,2025-01-09
1795,499,2025-02-01
1796,950,2025-02-02
1797,971,2025-03-08
1798,926,2025-01-30
1799,508,2025-03-17
1800,304,2025-01-29
1801,501,2025-01-03
1802,803,2025-03-31
1803,598,2025-02-26
1804,166,2025-01-30
1805,415,2025-01-09
1806,462,2025-01-26
1807,920,2025-01-02
1808,114,2025-03-03
1809,433,2025-01-03
1810,992,2025-02-15
1811,356,2025-03-09
1812,928,2025-01-25
1813,695,2025-02-20
1814,207,2025-01-13
1815,768,2025-02-13
1816,235,2025-02-04
1817,442,2025-02-24
1818,355,2025-03-28
1819,515,2025-01-09
1820,208,2025-01-02
1821,709,2025-03-02
1822,853,2025-02-10
1823,125,2025-02-13
1824,138,2025-03-05
1825,339,2025-01-31
1826,537,2025-02-16
1827,68,2025-01-02
1828,573,2025-03-23
1829,541,2025-03-18
1830,383,2025-03-10
1831,19,2025-02-27
1832,683,2025-02-13
1833,450,2025-03-15
1834,74,2025-02-25
1835,573,2025-02-12
1836,939,2025-03-30
1837,665,2025-02-03
1838,276,2025-01-30
1839,48,2025-03-12
1840,211,2025-03-11
1841,855,2025-02-24
1842,920,2025-03-08
1843,651,2025-01-13
1844,622,2025-01-03
1845,994,2025-01-26
1846,695,2025-02-26
1847,540,2025-01-24
1848,709,2025-02-22
1849,191,2025-03-11
1850,315,2025-02-12
1851,901,2025-03-01
1852,563,2025-02-27
1853,661,2025-02-18
1854,780,2025-02-11
1855,562,2025-03-17
1856,900,2025-03-07
1857,758,2025-01-11
1858,113,2025-03-31
1859,170,2025-01-18
1860,468,2025-03-26
1861,678,2025-02-21
1862,921,2025-02-15
1863,14,2025-02-13
1864,715,2025-01-22
1865,288,2025-02-22
1866,907,2025-02-28
1867,189,2025-01-30
1868,914,2025-01-08
1869,155,2025-02-26
1870,567,2025-03-14
1871,694,2025-01-20
1872,722,2025-01-25
1873,888,2025-01-19
1874,471,2025-01-05
1875,75,2025-03-16
1876,277,2025-03-20
1877,940,2025-03-13
1878,645,2025-03-24
1879,343,2025-03-28
1880,425,2025-01-27
1881,571,2025-02-09
1882,511,2025-01-26
1883,857,2025-01-27
1884,182,2025-03-03
1885,458,2025-03-24
1886,918,2025-02-19
1887,851,2025-02-11
1888,833,2025-01-29
1889,64,2025-02-08
1890,839,2025-03-01
1891,260,2025-02-10
1892,193,2025-02-02
1893,655,2025-03-24
1894,616,2025-03-24
1895,972,2025-01-16
1896,406,2025-01-23
1897,726,2025-01-07
1898,754,2025-01-26
1899,943,2025-01-12
1900,721,2025-03-13
1901,93,2025-01-05
1902,430,2025-03-10
1903,654,2025-02-18
1904,434,2025-01-26
1905,404,2025-01-05
1906,434,2025-01-22
1907,112,2025-03-20
1908,929,2025-01-13
1909,375,2025-01-28
1910,59,2025-02-02
1911,43,2025-01-23
1912,207,2025-01-18
1913,780,2025-01-30
1914,296,2025-01-26
1915,118,2025-01-16
1916,532,2025-03-18
1917,222,2025-02-08
1918,166,2025-02-02
1919,643,2025-01-26
1920,156,2025-02-17
1921,184,2025-03-06
1922,90,2025-02-07
1923,94,2025-01-02
1924,13,2025-01-06
1925,973,2025-02-15
1926,834,2025-02-19
1927,805,2025-02-07
1928,945,2025-03-29
1929,742,2025-01-18
1930,834,2025-01-27
1931,804,2025-02-10
1932,438,2025-03-13
1933,538,2025-03-15
1934,587,2025-01-17
1935,968,2025-03-03
1936,876,2025-01-29
1937,936,2025-02-27
1938,811,2025-03-11
1939,150,2025-03-19
1940,660,2025-01-22
1941,8,2025-01-06
1942,29,2025-01-26
1943,296,2025-02-08
1944,986,2025-01-12
1945,926,2025-01-14
1946,721,2025-01-22
1947,640,2025-02-20
1948,340,2025-01-23
1949,628,2025-02-17
1950,439,2025-03-12
1951,144,2025-02-19
1952,942,2025-03-30
1953,830,2025-01-13
1954,747,2025-03-26
1955,519,2025-01-10
1956,976,2025-02-24
1957,45,2025-01-09
1958,955,2025-03-20
1959,239,2025-02-21
1960,952,2025-01-02
1961,944,2025-01-25
1962,155,2025-01-13
1963,181,2025-02-20
1964,215,2025-02-27
1965,88,2025-02-03
1966,256,2025-02-04
1967,511,2025-01-03
1968,73,2025-02-28
1969,931,2025-03-11
1970,179,2025-02-17
1971,212,2025-03-05
1972,805,2025-01-19
1973,234,2025-03-08
1974,465,2025-03-23
1975,751,2025-03-14
1976,223,2025-03-17
1977,631,2025-01-05
1978,825,2025-03-08
1979,264,2025-01-11
1980,207,2025-03-09
1981,607,2025-03-10
1982,885,2025-01-01
1983,734,2025-03-04
1984,366,2025-01-29
1985,276,2025-03-23
1986,380,2025-01-12
1987,743,2025-03-18
1988,309,2025-02-10
1989,631,2025-01-02
1990,268,2025-02-06
1991,945,2025-02-14
1992,785,2025-03-21
1993,64,2025-02-17
1994,810,2025-01-24
1995,350,2025-01-22
1996,925,2025-01-11
1997,915,2025-02-27
1998,494,2025-02-15
1999,523,2025-01-29
2000,98,2025-02-04
2001,946,2025-01-15
2002,71,2025-03-01
2003,364,2025-02-11
2004,570,2025-02-12
2005,802,2025-03-21
2006,763,2025-03-15
2007,276,2025-02-18
2008,50,2025-03-05
2009,358,2025-02-01
2010,728,2025-03-05
2011,906,2025-01-02
2012,928,2025-01-24
2013,564,2025-03-28
2014,783,2025-03-07
2015,485,2025-02-07
2016,84,2025-01-31
2017,899,2025-01-26
2018,805,2025-01-29
2019,638,2025-03-08
2020,808,2025-03-19
2021,584,2025-01-25
2022,296,2025-02-17
2023,236,2025-03-06
2024,56,2025-02-22
2025,919,2025-03-08
2026,360,2025-03-31
2027,907,2025-01-18
2028,110,2025-01-09
2029,192,2025-02-07
2030,904,2025-03-28
2031,93,2025-01-21
2032,862,2025-03-06
2033,568,2025-01-21
2034,60,2025-01-27
2035,650,2025-03-11
2036,39,2025-02-13
2037,540,2025-01-28
2038,49,2025-02-14
2039,420,2025-01-17
2040,637,2025-02-09
2041,13,2025-01-03
2042,992,2025-03-17
2043,36,2025-03-17
2044,101,2025-03-07
2045,794,2025-02-15
2046,86,2025-03-27
2047,516,2025-03-28
2048,223,2025-01-30
2049,338,2025-03-10
2050,960,2025-01-09
2051,166,2025-03-26
2052,383,2025-01-11
2053,856,2025-03-10
2054,895,2025-03-07
2055,376,2025-03-29
2056,471,2025-01-31
2057,790,2025-02-02
2058,642,2025-02-08
2059,31,2025-02-15
2060,375,2025-02-06
2061,11,2025-03-01
2062,988,2025-01-31
2063,302,2025-01-11
2064,96,2025-03-28
2065,190,2025-01-02
2066,453,2025-01-27
2067,192,2025-01-02
2068,486,2025-01-21
2069,266,2025-02-27
2070,424,2025-01-05
2071,128,2025-02-21
2072,238,2025-02-14
2073,920,2025-03-26
2074,355,2025-01-20
2075,940,2025-03-02
2076,112,2025-02-07
2077,828,2025-01-20
2078,446,2025-01-25
2079,343,2025-01-02
2080,145,2025-02-01
2081,65,2025-01-26
2082,247,2025-03-11
2083,735,2025-02-10
2084,991,2025-03-08
2085,490,2025-01-01
2086,825,2025-02-20
2087,439,2025-01-05
2088,106,2025-01-13
2089,181,2025-01-19
2090,184,2025-01-12
2091,226,2025-02-17
2092,777,2025-01-25
2093,790,2025-02-26
2094,909,2025-02-04
2095,89,2025-03-17
2096,688,2025-01-05
2097,530,2025-01-22
2098,371,2025-03-18
2099,972,2025-02-26
2100,936,2025-02-16
2101,913,2025-02-23
2102,399,2025-01-03
2103,106,2025-02-22
2104,271,2025-03-25
2105,975,2025-01-31
2106,831,2025-03-10
2107,503,2025-03-29
2108,679,2025-02-02
2109,525,2025-03-13
2110,849,2025-03-29
2111,32,2025-02-19
2112,393,2025-03-25
2113,40,2025-01-16
2114,660,2025-03-17
2115,218,2025-03-18
2116,731,2025-02-08
2117,981,2025-03-30
2118,82,2025-02-15
2119,845,2025-03-29
2120,720,2025-02-16
2121,201,2025-02-13
2122,447,2025-01-09
2123,844,2025-03-28
2124,428,2025-02-19
2125,38,2025-03-18
2126,211,2025-03-01
2127,444,2025-01-15
2128,327,2025-02-05
2129,761,2025-03-04
2130,227,2025-03-10
2131,48,2025-03-27
2132,18,2025-03-21
2133,912,2025-02-10
2134,439,2025-03-15
2135,807,2025-01-24
2136,708,2025-03-23
2137,187,2025-02-18
2138,345,2025-01-18
2139,224,2025-01-07
2140,830,2025-01-04
2141,488,2025-03-31
2142,909,2025-03-10
2143,877,2025-03-01
2144,849,2025-02-24
2145,229,2025-01-16
2146,390,2025-03-31
2147,979,2025-03-23
2148,589,2025-01-29
2149,188,2025-01-23
2150,858,2025-01-14
2151,270,2025-03-20
2152,607,2025-02-18
2153,310,2025-02-02
2154,132,2025-01-25
2155,551,2025-01-21
2156,72,2025-01-17
2157,793,2025-01-23
2158,845,2025-02-26
2159,672,2025-03-22
2160,187,2025-02-27
2161,486,2025-01-14
2162,191,2025-01-20
2163,422,2025-01-30
2164,120,2025-01-19
2165,220,2025-02-22
2166,53,2025-02-25
2167,734,2025-03-18
2168,451,2025-03-23
2169,412,2025-01-23
2170,643,2025-03-03
2171,237,2025-02-02
2172,758,2025-01-18
2173,738,2025-03-14
2174,720,2025-02-02
2175,406,2025-02-01
2176,608,2025-03-02
2177,422,2025-02-23
2178,712,2025-01-17
2179,247,2025-01-19
2180,72,2025-03-11
2181,830,2025-02-03
2182,185,2025-03-25
2183,6,2025-01-25
2184,206,2025-03-09
2185,544,2025-03-15
2186,611,2025-03-15
2187,906,2025-03-29
2188,387,2025-03-26
2189,768,2025-01-11
2190,699,2025-01-16
2191,76,2025-03-31
2192,177,2025-03-02
2193,827,2025-03-21
2194,799,2025-01-07
2195,349,2025-01-16
2196,255,2025-01-16
2197,837,2025-02-09
2198,702,2025-01-12
2199,308,2025-02-04
2200,345,2025-01-21
2201,127,2025-02-19
2202,937,2025-02-12
2203,287,2025-01-17
2204,766,2025-02-01
2205,725,2025-02-10
2206,762,2025-01-06
2207,596,2025-03-29
2208,487,2025-01-27
2209,383,2025-01-20
2210,406,2025-01-25
2211,388,2025-03-07
2212,525,2025-01-09
2213,557,2025-02-22
2214,639,2025-03-02
2215,938,2025-02-07
2216,626,2025-01-03
2217,945,2025-03-25
2218,276,2025-03-11
2219,500,2025-02-24
2220,717,2025-01-01
2221,337,2025-03-11
2222,950,2025-02-14
2223,932,2025-02-16
2224,481,2025-03-20
2225,897,2025-01-26
2226,911,2025-01-14
2227,973,2025-02-23
2228,273,2025-03-12
2229,920,2025-02-15
2230,58,2025-01-31
2231,328,2025-03-29
2232,731,2025-02-28
2233,109,2025-01-29
2234,279,2025-01-17
2235,686,2025-01-14
2236,328,2025-02-05
2237,776,2025-02-27
2238,315,2025-01-24
2239,474,2025-03-04
2240,111,2025-01-25
2241,699,2025-02-28
2242,781,2025-02-01
2243,935,2025-03-23
2244,229,2025-01-18
2245,497,2025-02-06
2246,156,2025-01-26
2247,473,2025-01-09
2248,701,2025-03-05
2249,272,2025-03-13
2250,887,2025-01-20
2251,2,2025-02-23
2252,758,2025-03-27
2253,722,2025-03-24
2254,511,2025-01-30
2255,913,2025-02-22
2256,286,2025-03-04
2257,871,2025-01-11
2258,13,2025-01-31
2259,608,2025-02-18
2260,498,2025-03-28
2261,733,2025-01-19
2262,238,2025-01-12
2263,94,2025-01-15
2264,338,2025-01-31
2265,781,2025-02-12
2266,171,2025-02-06
2267,981,2025-03-20
2268,606,2025-01-29
2269,661,2025-01-26
2270,624,2025-01-02
2271,567,2025-03-25
2272,849,2025-01-15
2273,936,2025-01-04
2274,467,2025-03-27
2275,628,2025-02-19
2276,143,2025-02-07
2277,201,2025-01-23
2278,180,2025-02-28
2279,714,2025-03-31
2280,364,2025-03-16
2281,479,2025-01-28
2282,565,2025-03-07
2283,471,2025-01-08
2284,384,2025-01-29
2285,692,2025-01-11
2286,926,2025-01-18
2287,417,2025-02-24
2288,825,2025-02-19
2289,308,2025-01-14
2290,649,2025-03-15
2291,694,2025-01-09
2292,367,2025-01-11
2293,1,2025-03-04
2294,44,2025-03-17
2295,739,2025-03-08
2296,843,2025-02-22
2297,98,2025-02-08
2298,720,2025-03-19
2299,265,2025-02-25
2300,800,2025-01-28
2301,783,2025-03-16
2302,140,2025-02-08
2303,481,2025-01-25
2304,237,2025-01-21
2305,974,2025-01-10
2306,953,2025-02-12
2307,904,2025-01-15
2308,72,2025-03-24
2309,667,2025-02-17
2310,190,2025-03-27
2311,268,2025-01-21
2312,321,2025-03-01
2313,107,2025-02-19
2314,232,2025-01-23
2315,42,2025-01-13
2316,702,2025-03-10
2317,883,2025-01-04
2318,139,2025-03-19
2319,615,2025-03-13
2320,683,2025-01-09
2321,863,2025-02-04
2322,273,2025-01-21
2323,481,2025-02-27
2324,416,2025-01-18
2325,506,2025-03-13
2326,733,2025-03-22
2327,725,2025-02-12
2328,853,2025-01-06
2329,424,2025-03-27
2330,407,2025-03-19
2331,568,2025-03-08
2332,390,2025-01-12
2333,342,2025-01-12
2334,946,2025-03-07
2335,614,2025-01-02
2336,933,2025-01-15
2337,493,2025-01-23
2338,192,2025-01-29
2339,499,2025-03-22
2340,822,2025-01-07
2341,712,2025-01-28
2342,233,2025-01-14
2343,945,2025-02-13
2344,227,2025-01-30
2345,371,2025-03-22
2346,139,2025-02-01
2347,856,2025-03-11
2348,817,2025-03-29
2349,149,2025-01-06
2350,115,2025-01-27
2351,450,2025-03-23
2352,63,2025-03-29
2353,104,2025-01-24
2354,851,2025-02-03
2355,871,2025-02-09
2356,668,2025-02-16
2357,273,2025-03-20
2358,6,2025-03-16
2359,147,2025-03-27
2360,184,2025-01-24
2361,998,2025-03-06
2362,28,2025-01-18
2363,962,2025-02-13
2364,550,2025-03-17
2365,119,2025-02-26
2366,293,2025-01-28
2367,371,2025-03-12
2368,244,2025-01-23
2369,580,2025-03-26
2370,726,2025-02-03
2371,218,2025-01-11
2372,177,2025-03-27
2373,299,2025-02-04
2374,676,2025-02-11
2375,58,2025-01-28
2376,269,2025-03-23
2377,308,2025-03-19
2378,570,2025-03-23
2379,288,2025-01-24
2380,977,2025-01-08
2381,105,2025-02-22
2382,228,2025-03-13
2383,247,2025-01-04
2384,700,2025-01-05
2385,494,2025-02-18
2386,83,2025-01-30
2387,186,2025-03-13
2388,252,2025-03-04
2389,355,2025-02-16
2390,750,2025-01-26
2391,872,2025-02-26
2392,696,2025-02-06
2393,796,2025-01-07
2394,897,2025-02-09
2395,938,2025-02-08
2396,210,2025-03-03
2397,816,2025-03-19
2398,808,2025-02-22
2399,609,2025-01-04
2400,447,2025-03-23
2401,460,2025-01-25
2402,968,2025-01-07
2403,472,2025-01-28
2404,720,2025-03-10
2405,370,2025-03-08
2406,900,2025-01-20
2407,934,2025-03-24
2408,492,2025-01-11
2409,923,2025-03-08
2410,137,2025-03-28
2411,367,2025-01-07
2412,912,2025-01-23
2413,184,2025-03-02
2414,588,2025-03-12
2415,287,2025-02-03
2416,472,2025-01-19
2417,375,2025-02-27
2418,654,2025-01-09
2419,749,2025-02-17
2420,537,2025-03-23
2421,511,2025-02-10
2422,802,2025-02-17
2423,579,2025-02-14
2424,250,2025-01-25
2425,920,2025-03-19
2426,510,2025-01-25
2427,630,2025-01-19
2428,73,2025-02-08
2429,282,2025-03-20
2430,916,2025-03-21
2431,960,2025-01-27
2432,360,2025-03-15
2433,10,2025-03-04
2434,211,2025-03-09
2435,835,2025-01-19
2436,152,2025-01-28
2437,5,2025-03-26
2438,195,2025-03-19
2439,954,2025-02-02
2440,283,2025-01-10
2441,464,2025-03-24
2442,113,2025-01-30
2443,271,2025-01-22
2444,163,2025-01-03
2445,460,2025-03-23
2446,105,2025-03-16
2447,693,2025-02-17
2448,556,2025-01-02
2449,282,2025-03-17
2450,687,2025-02-23
2451,162,2025-01-06
2452,983,2025-02-09
2453,351,2025-01-02
2454,434,2025-03-14
2455,852,2025-01-02
2456,140,2025-03-15
2457,471,2025-02-24
2458,132,2025-03-13
2459,87,2025-03-01
2460,688,2025-01-06
2461,183,2025-01-19
2462,368,2025-01-27
2463,129,2025-01-01
2464,246,2025-02-02
2465,601,2025-02-09
2466,578,2025-02-01
2467,670,2025-03-10
2468,899,2025-01-17
2469,378,2025-01-08
2470,149,2025-02-26
2471,985,2025-02-11
2472,852,2025-01-09
2473,433,2025-03-28
2474,628,2025-02-04
2475,726,2025-03-12
2476,469,2025-03-20
2477,446,2025-02-22
2478,481,2025-02-23
2479,884,2025-03-25
2480,294,2025-01-25
2481,765,2025-03-08
2482,143,2025-03-03
2483,250,2025-02-24
2484,878,2025-02-15
2485,948,2025-01-24
2486,975,2025-02-15
2487,302,2025-01-22
2488,25,2025-01-11
2489,789,2025-02-17
2490,984,2025-01-08
2491,889,2025-02-08
2492,890,2025-02-04
2493,901,2025-02-18
2494,70,2025-02-15
2495,625,2025-02-07
2496,875,2025-01-08
2497,112,2025-02-23
2498,364,2025-02-06
2499,303,2025-02-09
2500,471,2025-02-03
2501,964,2025-03-20
2502,91,2025-01-17
2503,530,2025-02-02
2504,661,2025-02-16
2505,988,2025-02-21
2506,739,2025-03-21
2507,726,2025-01-09
2508,872,2025-02-02
2509,663,2025-03-01
2510,192,2025-03-18
2511,963,2025-01-21
2512,552,2025-02-27
2513,242,2025-03-26
2514,138,2025-03-10
2515,345,2025-01-10
2516,180,2025-01-06
2517,712,2025-01-13
2518,503,2025-03-06
2519,203,2025-01-20
2520,573,2025-02-26
2521,192,2025-02-15
2522,5,2025-01-08
2523,890,2025-01-10
2524,237,2025-03-14
2525,693,2025-03-08
2526,311,2025-01-11
2527,549,2025-01-12
2528,56,2025-01-10
2529,443,2025-01-25
2530,237,2025-02-18
2531,870,2025-02-18
2532,861,2025-03-30
2533,197,2025-01-11
2534,585,2025-03-03
2535,571,2025-02-05
2536,752,2025-02-08
2537,514,2025-02-22
2538,449,2025-03-31
2539,360,2025-03-19
2540,700,2025-02-25
2541,819,2025-01-01
2542,30,2025-02-25
2543,779,2025-01-04
2544,988,2025-01-30
2545,108,2025-01-12
2546,844,2025-02-04
2547,935,2025-03-18
2548,602,2025-02-21
2549,717,2025-01-31
2550,891,2025-03-28
2551,968,2025-03-09
2552,959,2025-02-21
2553,960,2025-03-21
2554,445,2025-01-07
2555,893,2025-01-22
2556,438,2025-03-16
2557,732,2025-02-25
2558,890,2025-02-27
2559,606,2025-03-05
2560,457,2025-01-12
2561,615,2025-01-07
2562,735,2025-02-24
2563,698,2025-03-03
2564,981,2025-03-31
2565,696,2025-03-14
2566,495,2025-03-18
2567,674,2025-02-24
2568,247,2025-02-05
2569,543,2025-03-30
2570,564,2025-01-24
2571,857,2025-02-13
2572,588,2025-01-17
2573,897,2025-01-02
2574,439,2025-01-13
2575,278,2025-01-31
2576,552,2025-01-28
2577,613,2025-03-01
2578,111,2025-01-27
2579,385,2025-01-15
2580,833,2025-03-20
2581,761,2025-02-02
2582,191,2025-01-20
2583,490,2025-02-11
2584,694,2025-01-12
2585,426,2025-03-14
2586,405,2025-01-23
2587,335,2025-03-13
2588,209,2025-01-14
2589,22,2025-01-25
2590,678,2025-03-18
2591,611,2025-03-26
2592,208,2025-01-31
2593,8,2025-02-23
2594,702,2025-01-05
2595,687,2025-01-13
2596,785,2025-01-28
2597,529,2025-02-12
2598,602,2025-03-30
2599,653,2025-02-16
2600,657,2025-03-12
2601,166,2025-02-07
2602,849,2025-03-08
2603,496,2025-03-03
2604,590,2025-02-08
2605,429,2025-02-06
2606,774,2025-03-27
2607,163,2025-01-08
2608,366,2025-03-22
2609,526,2025-02-21
2610,239,2025-02-02
2611,72,2025-03-22
2612,445,2025-02-11
2613,655,2025-03-17
2614,822,2025-01-27
2615,509,2025-01-08
2616,795,2025-01-23
2617,269,2025-03-05
2618,753,2025-01-20
2619,415,2025-01-16
2620,245,2025-01-17
2621,675,2025-03-21
2622,60,2025-01-19
2623,6,2025-01-08
2624,709,2025-02-07
2625,982,2025-02-07
2626,570,2025-02-22
2627,817,2025-03-31
2628,407,2025-01-31
2629,217,2025-02-13
2630,930,2025-03-01
2631,26,2025-03-17
2632,815,2025-01-17
2633,5,2025-03-20
2634,986,2025-03-14
2635,532,2025-02-08
2636,390,2025-02-11
2637,710,2025-02-17
2638,571,2025-01-12
2639,448,2025-03-30
2640,754,2025-01-18
2641,146,2025-03-20
2642,388,2025-01-06
2643,785,2025-02-12
2644,249,2025-02-04
2645,526,2025-02-23
2646,462,2025-03-03
2647,13,2025-03-10
2648,903,2025-03-23
2649,384,2025-01-16
2650,556,2025-01-08
2651,887,2025-03-30
2652,399,2025-03-31
2653,19,2025-03-27
2654,575,2025-01-31
2655,491,2025-01-10
2656,751,2025-02-25
2657,419,2025-03-17
2658,337,2025-03-11
2659,419,2025-01-20
2660,915,2025-01-05
2661,916,2025-01-23
2662,612,2025-01-09
2663,675,2025-02-27
2664,928,2025-02-28
2665,122,2025-03-21
2666,432,2025-02-23
2667,44,2025-02-15
2668,872,2025-01-22
2669,920,2025-03-05
2670,317,2025-01-08
2671,381,2025-01-20
2672,145,2025-02-20
2673,327,2025-03-19
2674,363,2025-02-08
2675,50,2025-02-06
2676,65,2025-02-19
2677,355,2025-02-03
2678,800,2025-03-16
2679,164,2025-02-02
2680,141,2025-01-31
2681,966,2025-02-23
2682,826,2025-02-13
2683,128,2025-02-03
2684,398,2025-03-12
2685,933,2025-03-03
2686,880,2025-01-23
2687,463,2025-02-15
2688,751,2025-02-25
2689,836,2025-01-07
2690,808,2025-03-30
2691,187,2025-03-02
2692,720,2025-01-03
2693,732,2025-02-07
2694,912,2025-03-25
2695,190,2025-02-03
2696,388,2025-02-13
2697,429,2025-01-30
2698,858,2025-01-17
2699,284,2025-02-28
2700,864,2025-01-10
2701,237,2025-03-25
2702,194,2025-01-18
2703,287,2025-02-14
2704,771,2025-02-28
2705,758,2025-03-03
2706,136,2025-02-28
2707,792,2025-02-18
2708,783,2025-03-04
2709,171,2025-03-28
2710,159,2025-02-01
2711,201,2025-01-10
2712,487,2025-01-11
2713,557,2025-03-11
2714,962,2025-03-03
2715,776,2025-02-16
2716,583,2025-02-03
2717,504,2025-01-17
2718,876,2025-02-23
2719,371,2025-03-17
2720,103,2025-03-26
2721,125,2025-02-09
2722,313,2025-01-19
2723,976,2025-03-08
2724,995,2025-03-23
2725,798,2025-02-22
2726,458,2025-03-05
2727,230,2025-03-24
2728,658,2025-02-16
2729,882,2025-01-06
2730,197,2025-01-16
2731,885,2025-03-13
2732,733,2025-01-18
2733,423,2025-02-21
2734,572,2025-02-17
2735,610,2025-02-12
2736,171,2025-02-08
2737,382,2025-02-18
2738,173,2025-01-12
2739,663,2025-01-10
2740,453,2025-03-12
2741,350,2025-02-24
2742,902,2025-01-01
2743,952,2025-02-18
2744,634,2025-02-05
2745,494,2025-01-21
2746,620,2025-02-06
2747,4,2025-01-24
2748,93,2025-02-24
2749,919,2025-01-25
2750,6,2025-01-07
2751,288,2025-03-22
2752,618,2025-03-12
2753,146,2025-03-12
2754,783,2025-01-24
2755,424,2025-01-11
2756,890,2025-03-14
2757,608,2025-01-12
2758,457,2025-02-04
2759,741,2025-03-04
2760,202,2025-03-09
2761,212,2025-02-26
2762,6,2025-01-13
2763,624,2025-01-23
2764,376,2025-03-24
2765,891,2025-02-08
2766,447,2025-03-29
2767,835,2025-03-21
2768,106,2025-01-12
2769,651,2025-02-03
2770,811,2025-03-12
2771,401,2025-03-16
2772,96,2025-01-31
2773,388,2025-03-03
2774,959,2025-01-13
2775,452,2025-01-31
2776,849,2025-01-02
2777,809,2025-01-15
2778,979,2025-02-26
2779,901,2025-03-16
2780,416,2025-02-03
2781,726,2025-03-09
2782,504,2025-03-16
2783,454,2025-01-29
2784,291,2025-03-07
2785,534,2025-01-16
2786,193,2025-02-08
2787,980,2025-03-18
2788,150,2025-02-06
2789,880,2025-03-22
2790,759,2025-01-21
2791,779,2025-02-13
2792,973,2025-01-19
2793,763,2025-03-12
2794,515,2025-01-08
2795,393,2025-03-18
2796,316,2025-03-07
2797,76,2025-02-10
2798,599,2025-03-16
2799,270,2025-03-29
2800,225,2025-03-11
2801,530,2025-03-02
2802,113,2025-01-26
2803,251,2025-03-12
2804,233,2025-03-24
2805,841,2025-03-11
2806,791,2025-01-29
2807,714,2025-03-07
2808,83,2025-01-19
2809,125,2025-03-09
2810,175,2025-02-27
2811,69,2025-03-11
2812,47,2025-02-26
2813,884,2025-02-06
2814,256,2025-03-02
2815,727,2025-01-30
2816,30,2025-03-12
2817,281,2025-03-14
2818,924,2025-01-25
2819,994,2025-03-06
2820,237,2025-01-06
2821,248,2025-01-18
2822,368,2025-01-10
2823,495,2025-01-11
2824,25,2025-03-06
2825,586,2025-03-18
2826,718,2025-03-25
2827,490,2025-03-06
2828,494,2025-02-21
2829,314,2025-03-08
2830,606,2025-03-23
2831,375,2025-03-19
2832,639,2025-01-31
2833,937,2025-01-17
2834,25,2025-02-24
2835,334,2025-02-05
2836,355,2025-01-26
2837,116,2025-02-22
2838,48,2025-01-17
2839,738,2025-03-27
2840,778,2025-01-25
2841,99,2025-01-02
2842,459,2025-03-27
2843,523,2025-01-05
2844,597,2025-01-04
2845,405,2025-02-05
2846,214,2025-01-06
2847,685,2025-01-21
2848,903,2025-03-18
2849,503,2025-03-30
2850,721,2025-01-26
2851,448,2025-02-24
2852,894,2025-02-08
2853,576,2025-03-25
2854,258,2025-02-02
2855,844,2025-01-14
2856,121,2025-02-25
2857,810,2025-03-22
2858,978,2025-01-21
2859,54,2025-02-15
2860,331,2025-01-16
2861,784,2025-01-16
2862,241,2025-03-25
2863,755,2025-01-29
2864,530,2025-01-08
2865,483,2025-03-29
2866,187,2025-01-03
2867,858,2025-03-30
2868,656,2025-01-19
2869,262,2025-03-07
2870,953,2025-03-20
2871,364,2025-03-27
2872,491,2025-03-15
2873,431,2025-03-23
2874,239,2025-01-22
2875,304,2025-02-15
2876,298,2025-01-13
2877,76,2025-02-02
2878,700,2025-01-05
2879,333,2025-03-31
2880,900,2025-03-18
2881,999,2025-01-27
2882,758,2025-03-19
2883,642,2025-01-24
2884,474,2025-03-08
2885,827,2025-03-04
2886,923,2025-02-17
2887,283,2025-03-04
2888,591,2025-03-19
2889,72,2025-01-12
2890,263,2025-01-28
2891,703,2025-02-13
2892,879,2025-02-12
2893,887,2025-01-17
2894,942,2025-02-09
2895,575,2025-02-18
2896,1000,2025-03-26
2897,892,2025-02-26
2898,12,2025-03-28
2899,141,2025-03-25
2900,766,2025-03-05
2901,555,2025-03-16
2902,17,2025-02-26
2903,63,2025-03-15
2904,253,2025-03-15
2905,465,2025-03-11
2906,376,2025-03-29
2907,804,2025-03-17
2908,981,2025-02-12
2909,520,2025-01-23
2910,837,2025-01-27
2911,90,2025-02-27
2912,720,2025-02-06
2913,804,2025-01-06
2914,796,2025-03-06
2915,630,2025-01-06
2916,861,2025-02-19
2917,175,2025-01-22
2918,76,2025-03-29
2919,613,2025-01-25
2920,926,2025-03-20
2921,663,2025-03-31
2922,400,2025-03-13
2923,782,2025-02-20
2924,970,2025-03-29
2925,71,2025-02-17
2926,180,2025-03-11
2927,124,2025-03-06
2928,381,2025-03-01
2929,293,2025-02-15
2930,797,2025-02-05
2931,195,2025-02-27
2932,911,2025-03-17
2933,228,2025-02-07
2934,431,2025-01-11
2935,942,2025-01-12
2936,436,2025-02-11
2937,787,2025-02-08
2938,461,2025-03-12
2939,618,2025-01-11
2940,21,2025-02-05
2941,64,2025-02-21
2942,165,2025-01-31
2943,27,2025-02-02
2944,311,2025-01-13
2945,285,2025-01-18
2946,660,2025-02-10
2947,281,2025-02-27
2948,838,2025-02-25
2949,831,2025-01-24
2950,164,2025-03-14
2951,898,2025-01-31
2952,918,2025-02-24
2953,224,2025-01-10
2954,784,2025-03-01
2955,146,2025-01-02
2956,965,2025-01-15
2957,950,2025-01-03
2958,868,2025-02-12
2959,30,2025-01-31
2960,45,2025-03-11
2961,787,2025-03-08
2962,471,2025-02-25
2963,34,2025-03-04
2964,653,2025-03-16
2965,427,2025-01-15
2966,830,2025-01-10
2967,886,2025-02-07
2968,221,2025-02-16
2969,868,2025-02-26
2970,534,2025-02-19
2971,692,2025-03-12
2972,948,2025-01-15
2973,367,2025-01-18
2974,932,2025-03-23
2975,841,2025-03-29
2976,743,2025-01-02
2977,915,2025-03-25
2978,550,2025-02-12
2979,582,2025-01-26
2980,116,2025-03-12
2981,239,2025-02-07
2982,335,2025-02-11
2983,441,2025-01-05
2984,148,2025-01-11
2985,9,2025-03-06
2986,288,2025-02-03
2987,388,2025-01-01
2988,50,2025-03-24
2989,850,2025-01-02
2990,517,2025-03-26
2991,916,2025-01-20
2992,855,2025-03-02
2993,638,2025-03-28
2994,587,2025-01-21
2995,677,2025-03-29
2996,278,2025-03-09
2997,954,2025-01-12
2998,836,2025-01-22
2999,989,2025-01-20
3000,300,2025-03-23
3001,802,2025-01-01
3002,589,2025-01-30
3003,810,2025-01-24
3004,649,2025-01-14
3005,618,2025-02-05
3006,607,2025-03-10
3007,135,2025-03-16
3008,580,2025-01-24
3009,147,2025-03-01
3010,490,2025-02-24
3011,478,2025-03-18
3012,159,2025-03-21
3013,384,2025-01-24
3014,163,2025-03-18
3015,441,2025-01-24
3016,853,2025-02-23
3017,189,2025-01-26
3018,415,2025-03-07
3019,339,2025-03-21
3020,607,2025-02-07
3021,181,2025-03-06
3022,288,2025-03-16
3023,834,2025-02-20
3024,187,2025-02-04
3025,884,2025-02-12
3026,138,2025-01-29
3027,130,2025-02-06
3028,194,2025-03-22
3029,316,2025-02-27
3030,984,2025-02-23
3031,785,2025-02-08
3032,864,2025-02-11
3033,144,2025-01-28
3034,16,2025-01-29
3035,302,2025-02-12
3036,423,2025-01-03
3037,245,2025-01-10
3038,927,2025-02-28
3039,107,2025-01-14
3040,88,2025-03-17
3041,129,2025-02-16
3042,907,2025-02-11
3043,887,2025-02-01
3044,341,2025-02-01
3045,4,2025-02-11
3046,327,2025-02-01
3047,410,2025-01-26
3048,879,2025-01-01
3049,306,2025-02-25
3050,908,2025-01-02
3051,607,2025-03-22
3052,721,2025-01-30
3053,225,2025-03-12
3054,971,2025-02-21
3055,348,2025-01-09
3056,992,2025-01-22
3057,321,2025-02-03
3058,559,2025-02-18
3059,988,2025-01-01
3060,181,2025-03-14
3061,618,2025-03-25
3062,711,2025-02-22
3063,386,2025-03-24
3064,618,2025-02-09
3065,792,2025-02-14
3066,772,2025-03-09
3067,108,2025-01-09
3068,531,2025-01-22
3069,410,2025-01-18
3070,971,2025-03-17
3071,296,2025-02-12
3072,818,2025-02-08
3073,171,2025-03-14
3074,331,2025-01-06
3075,493,2025-03-24
3076,195,2025-02-17
3077,12,2025-01-07
3078,195,2025-03-21
3079,490,2025-03-10
3080,795,2025-01-16
3081,881,2025-01-01
3082,182,2025-02-06
3083,962,2025-03-24
3084,817,2025-02-06
3085,656,2025-03-22
3086,898,2025-03-05
3087,316,2025-03-31
3088,694,2025-03-27
3089,30,2025-03-03
3090,596,2025-03-13
3091,678,2025-03-02
3092,796,2025-02-02
3093,793,2025-03-07
3094,96,2025-01-30
3095,381,2025-01-20
3096,778,2025-03-01
3097,444,2025-03-23
3098,298,2025-03-15
3099,808,2025-01-24
3100,737,2025-01-04
3101,845,2025-02-06
3102,361,2025-01-04
3103,374,2025-03-18
3104,554,2025-03-30
3105,303,2025-03-18
3106,421,2025-01-18
3107,246,2025-03-29
3108,720,2025-03-07
3109,237,2025-02-17
3110,534,2025-02-02
3111,185,2025-02-27
3112,468,2025-03-24
3113,754,2025-03-14
3114,363,2025-01-28
3115,283,2025-02-04
3116,553,2025-01-10
3117,336,2025-03-06
3118,162,2025-02-11
3119,160,2025-03-26
3120,474,2025-01-09
3121,601,2025-03-01
3122,322,2025-01-15
3123,12,2025-02-26
3124,424,2025-03-10
3125,73,2025-01-22
3126,588,2025-03-05
3127,858,2025-02-10
3128,201,2025-03-28
3129,522,2025-03-12
3130,864,2025-02-25
3131,505,2025-01-23
3132,738,2025-01-25
3133,688,2025-01-06
3134,788,2025-02-03
3135,39,2025-03-04
3136,60,2025-01-09
3137,578,2025-03-01
3138,321,2025-02-18
3139,435,2025-02-20
3140,636,2025-03-01
3141,676,2025-03-11
3142,408,2025-02-06
3143,923,2025-01-31
3144,386,2025-02-10
3145,671,2025-03-03
3146,569,2025-02-27
3147,78,2025-01-14
3148,194,2025-02-05
3149,285,2025-02-05
3150,527,2025-03-20
3151,524,2025-01-08
3152,613,2025-01-26
3153,156,2025-02-05
3154,340,2025-02-17
3155,125,2025-03-26
3156,871,2025-01-28
3157,280,2025-03-09
3158,917,2025-03-03
3159,906,2025-03-21
3160,622,2025-03-27
3161,846,2025-03-17
3162,869,2025-03-21
3163,658,2025-02-20
3164,728,2025-02-11
3165,910,2025-01-29
3166,674,2025-03-23
3167,128,2025-01-10
3168,314,2025-02-08
3169,332,2025-03-23
3170,150,2025-01-01
3171,454,2025-02-08
3172,36,2025-01-21
3173,685,2025-03-06
3174,420,2025-01-15
3175,22,2025-01-04
3176,206,2025-03-01
3177,639,2025-03-02
3178,848,2025-01-20
3179,957,2025-01-10
3180,356,2025-03-28
3181,440,2025-02-03
3182,729,2025-02-17
3183,96,2025-02-02
3184,929,2025-03-02
3185,941,2025-01-10
3186,164,2025-02-23
3187,148,2025-03-25
3188,530,2025-03-06
3189,294,2025-03-18
3190,195,2025-01-01
3191,663,2025-01-05
3192,480,2025-03-21
3193,877,2025-01-15
3194,123,2025-01-28
3195,400,2025-01-23
3196,699,2025-01-17
3197,965,2025-01-13
3198,452,2025-01-14
3199,661,2025-01-11
3200,104,2025-01-28
3201,755,2025-02-11
3202,462,2025-03-02
3203,743,2025-03-05
3204,991,2025-01-31
3205,718,2025-03-22
3206,710,2025-03-14
3207,396,2025-01-10
3208,912,2025-01-08
3209,337,2025-01-21
3210,599,2025-03-18
3211,142,2025-02-28
3212,317,2025-02-19
3213,711,2025-03-10
3214,558,2025-03-11
3215,800,2025-01-30
3216,527,2025-01-17
3217,556,2025-03-16
3218,401,2025-01-20
3219,681,2025-02-17
3220,310,2025-03-14
3221,495,2025-01-02
3222,556,2025-02-06
3223,610,2025-01-01
3224,773,2025-01-04
3225,109,2025-02-23
3226,795,2025-01-25
3227,372,2025-01-03
3228,855,2025-01-09
3229,616,2025-03-27
3230,768,2025-03-28
3231,891,2025-03-17
3232,206,2025-03-15
3233,847,2025-02-03
3234,43,2025-02-12
3235,865,2025-03-15
3236,245,2025-01-22
3237,287,2025-03-11
3238,355,2025-01-02
3239,785,2025-03-07
3240,476,2025-02-01
3241,83,2025-01-16
3242,110,2025-03-17
3243,950,2025-01-01
3244,190,2025-03-13
3245,983,2025-02-17
3246,800,2025-02-19
3247,936,2025-01-13
3248,909,2025-01-15
3249,251,2025-02-22
3250,724,2025-02-13
3251,291,2025-01-08
3252,645,2025-03-15
3253,201,2025-02-15
3254,797,2025-03-10
3255,326,2025-01-19
3256,511,2025-02-07
3257,409,2025-01-11
3258,607,2025-02-12
3259,790,2025-01-20
3260,962,2025-01-20
3261,941,2025-01-21
3262,837,2025-03-23
3263,508,2025-02-26
3264,731,2025-02-19
3265,601,2025-03-15
3266,72,2025-01-26
3267,247,2025-01-30
3268,641,2025-03-14
3269,724,2025-01-31
3270,940,2025-02-11
3271,855,2025-03-09
3272,608,2025-03-02
3273,587,2025-03-02
3274,935,2025-03-11
3275,566,2025-03-19
3276,344,2025-03-09
3277,971,2025-03-31
3278,925,2025-01-17
3279,54,2025-01-19
3280,730,2025-02-20
3281,528,2025-03-11
3282,611,2025-03-04
3283,532,2025-03-16
3284,558,2025-03-21
3285,963,2025-01-30
3286,193,2025-01-25
3287,895,2025-03-16
3288,58,2025-03-12
3289,437,2025-01-26
3290,111,2025-02-25
3291,129,2025-01-22
3292,849,2025-03-30
3293,706,2025-01-19
3294,925,2025-01-31
3295,852,2025-01-26
3296,326,2025-02-11
3297,8,2025-02-10
3298,29,2025-01-23
3299,112,2025-02-16
3300,947,2025-01-13
3301,673,2025-03-30
3302,131,2025-03-07
3303,188,2025-03-07
3304,675,2025-01-16
3305,709,2025-03-14
3306,475,2025-01-28
3307,364,2025-03-18
3308,204,2025-02-04
3309,212,2025-02-10
3310,621,2025-03-18
3311,276,2025-01-31
3312,73,2025-03-26
3313,679,2025-02-01
3314,772,2025-02-23
3315,243,2025-03-13
3316,787,2025-02-28
3317,102,2025-02-10
3318,987,2025-03-07
3319,685,2025-02-23
3320,171,2025-02-09
3321,653,2025-01-28
3322,909,2025-02-06
3323,188,2025-03-06
3324,441,2025-03-15
3325,86,2025-02-24
3326,476,2025-01-04
3327,52,2025-01-10
3328,111,2025-02-16
3329,949,2025-03-16
3330,877,2025-01-14
3331,854,2025-02-07
3332,43,2025-01-12
3333,211,2025-02-14
3334,968,2025-01-17
3335,200,2025-03-21
3336,810,2025-02-04
3337,858,2025-03-07
3338,752,2025-03-16
3339,627,2025-02-10
3340,26,2025-03-08
3341,919,2025-01-29
3342,299,2025-01-18
3343,77,2025-01-20
3344,924,2025-01-14
3345,137,2025-02-03
3346,20,2025-02-18
3347,440,2025-02-23
3348,211,2025-01-31
3349,752,2025-02-27
3350,551,2025-02-11
3351,435,2025-02-27
3352,780,2025-03-23
3353,207,2025-01-30
3354,991,2025-01-25
3355,439,2025-03-04
3356,974,2025-01-19
3357,779,2025-03-13
3358,666,2025-01-08
3359,42,2025-01-03
3360,411,2025-03-08
3361,523,2025-03-27
3362,806,2025-03-22
3363,610,2025-01-17
3364,427,2025-01-14
3365,275,2025-01-09
3366,448,2025-03-03
3367,902,2025-01-21
3368,942,2025-03-17
3369,884,2025-02-06
3370,742,2025-01-11
3371,369,2025-01-20
3372,938,2025-02-04
3373,220,2025-02-22
3374,577,2025-02-16
3375,867,2025-03-16
3376,232,2025-02-21
3377,328,2025-01-08
3378,443,2025-01-04
3379,52,2025-01-27
3380,886,2025-02-13
3381,943,2025-02-09
3382,376,2025-02-16
3383,263,2025-02-13
3384,267,2025-02-17
3385,359,2025-03-26
3386,317,2025-02-21
3387,324,2025-03-25
3388,921,2025-03-09
3389,908,2025-01-11
3390,666,2025-03-18
3391,870,2025-03-14
3392,878,2025-01-04
3393,652,2025-03-17
3394,939,2025-03-14
3395,563,2025-03-18
3396,629,2025-02-17
3397,421,2025-01-26
3398,46,2025-03-18
3399,821,2025-02-08
3400,600,2025-02-27
3401,720,2025-01-19
3402,889,2025-03-29
3403,269,2025-03-24
3404,601,2025-03-18
3405,381,2025-03-18
3406,118,2025-02-27
3407,566,2025-01-28
3408,953,2025-03-07
3409,116,2025-01-10
3410,630,2025-03-27
3411,260,2025-03-18
3412,75,2025-02-27
3413,480,2025-03-14
3414,305,2025-01-14
3415,7,2025-03-25
3416,366,2025-01-15
3417,634,2025-02-02
3418,523,2025-01-17
3419,348,2025-01-24
3420,438,2025-01-30
3421,215,2025-03-03
3422,429,2025-01-13
3423,791,2025-03-03
3424,498,2025-02-16
3425,540,2025-01-16
3426,747,2025-03-07
3427,367,2025-03-22
3428,313,2025-02-12
3429,538,2025-01-08
3430,921,2025-01-03
3431,54,2025-01-12
3432,541,2025-03-25
3433,467,2025-01-16
3434,865,2025-03-19
3435,164,2025-03-21
3436,782,2025-02-28
3437,334,2025-02-18
3438,547,2025-03-04
3439,798,2025-03-03
3440,348,2025-02-18
3441,273,2025-02-20
3442,963,2025-02-02
3443,720,2025-01-30
3444,750,2025-02-28
3445,414,2025-03-17
3446,500,2025-01-15
3447,93,2025-03-23
3448,685,2025-01-23
3449,79,2025-03-19
3450,622,2025-02-14
3451,217,2025-03-03
3452,947,2025-03-20
3453,358,2025-03-12
3454,618,2025-01-15
3455,507,2025-02-15
3456,559,2025-03-05
3457,181,2025-02-15
3458,576,2025-02-25
3459,246,2025-02-13
3460,244,2025-03-16
3461,506,2025-01-29
3462,422,2025-03-03
3463,320,2025-03-30
3464,87,2025-02-21
3465,217,2025-02-23
3466,490,2025-03-29
3467,519,2025-02-26
3468,278,2025-03-24
3469,849,2025-03-07
3470,722,2025-01-22
3471,169,2025-01-20
3472,330,2025-02-02
3473,650,2025-03-13
3474,441,2025-01-25
3475,391,2025-02-15
3476,496,2025-03-14
3477,381,2025-02-26
3478,306,2025-03-28
3479,742,2025-01-05
3480,987,2025-02-24
3481,820,2025-03-02
3482,673,2025-03-30
3483,513,2025-01-08
3484,748,2025-01-16
3485,949,2025-02-17
3486,188,2025-03-02
3487,930,2025-01-15
3488,516,2025-03-06
3489,913,2025-01-22
3490,644,2025-01-03
3491,427,2025-02-23
3492,502,2025-01-14
3493,730,2025-02-05
3494,260,2025-03-23
3495,513,2025-03-23
3496,71,2025-03-08
3497,478,2025-01-10
3498,178,2025-02-18
3499,457,2025-03-06
3500,189,2025-02-26
3501,291,2025-01-27
3502,520,2025-03-16
3503,765,2025-01-05
3504,920,2025-03-12
3505,979,2025-03-24
3506,292,2025-02-26
3507,946,2025-01-15
3508,756,2025-03-17
3509,635,2025-01-30
3510,811,2025-01-20
3511,283,2025-02-06
3512,544,2025-01-03
3513,846,2025-03-14
3514,377,2025-02-10
3515,658,2025-02-08
3516,156,2025-01-26
3517,508,2025-01-02
3518,413,2025-01-23
3519,528,2025-01-23
3520,355,2025-03-26
3521,559,2025-01-16
3522,763,2025-01-09
3523,187,2025-01-13
3524,31,2025-01-28
3525,260,2025-01-27
3526,421,2025-02-20
3527,529,2025-03-05
3528,551,2025-02-21
3529,304,2025-03-22
3530,942,2025-02-07
3531,986,2025-03-06
3532,944,2025-01-18
3533,39,2025-03-04
3534,489,2025-02-20
3535,644,2025-01-09
3536,542,2025-01-13
3537,670,2025-02-09
3538,278,2025-02-24
3539,203,2025-03-20
3540,66,2025-02-12
3541,108,2025-02-13
3542,268,2025-03-09
3543,222,2025-02-02
3544,804,2025-01-24
3545,530,2025-02-05
3546,90,2025-01-10
3547,693,2025-01-20
3548,255,2025-03-16
3549,455,2025-01-12
3550,253,2025-03-03
3551,257,2025-01-18
3552,383,2025-03-04
3553,442,2025-03-25
3554,858,2025-01-25
3555,599,2025-01-12
3556,90,2025-01-21
3557,749,2025-01-25
3558,390,2025-01-11
3559,582,2025-03-05
3560,44,2025-03-14
3561,712,2025-02-19
3562,664,2025-03-03
3563,598,2025-03-30
3564,19,2025-02-18
3565,101,2025-01-14
3566,914,2025-01-01
3567,607,2025-03-22
3568,766,2025-01-25
3569,357,2025-02-28
3570,542,2025-03-13
3571,761,2025-03-10
3572,938,2025-01-05
3573,33,2025-01-19
3574,970,2025-01-23
3575,229,2025-01-09
3576,524,2025-02-19
3577,630,2025-01-16
3578,862,2025-02-02
3579,155,2025-01-02
3580,423,2025-01-14
3581,905,2025-01-01
3582,246,2025-03-31
3583,405,2025-02-27
3584,844,2025-03-30
3585,759,2025-01-16
3586,541,2025-03-20
3587,161,2025-03-31
3588,747,2025-02-16
3589,702,2025-02-13
3590,117,2025-03-21
3591,271,2025-01-14
3592,770,2025-01-24
3593,692,2025-02-24
3594,487,2025-01-15
3595,885,2025-03-24
3596,172,2025-03-13
3597,950,2025-02-03
3598,274,2025-01-02
3599,259,2025-01-27
3600,135,2025-03-15
3601,683,2025-03-28
3602,722,2025-03-13
3603,748,2025-01-23
3604,422,2025-03-09
3605,421,2025-01-14
3606,186,2025-03-04
3607,929,2025-03-06
3608,364,2025-03-09
3609,955,2025-03-04
3610,607,2025-03-31
3611,378,2025-03-22
3612,523,2025-03-28
3613,580,2025-03-05
3614,891,2025-02-01
3615,722,2025-03-20
3616,196,2025-01-13
3617,881,2025-03-07
3618,98,2025-01-19
3619,605,2025-01-24
3620,984,2025-03-29
3621,22,2025-01-11
3622,450,2025-02-28
3623,172,2025-03-27
3624,383,2025-01-15
3625,134,2025-01-10
3626,426,2025-02-10
3627,25,2025-01-27
3628,503,2025-03-01
3629,185,2025-03-14
3630,85,2025-02-21
3631,567,2025-01-28
3632,763,2025-03-06
3633,144,2025-01-17
3634,863,2025-02-13
3635,910,2025-01-10
3636,679,2025-03-04
3637,412,2025-03-23
3638,224,2025-02-16
3639,220,2025-02-07
3640,179,2025-03-11
3641,631,2025-03-17
3642,433,2025-02-22
3643,265,2025-03-19
3644,954,2025-02-13
3645,429,2025-03-15
3646,662,2025-02-23
3647,416,2025-01-20
3648,453,2025-03-20
3649,727,2025-01-31
3650,197,2025-01-07
3651,554,2025-02-27
3652,53,2025-01-10
3653,480,2025-01-10
3654,443,2025-02-08
3655,330,2025-01-28
3656,251,2025-01-30
3657,807,2025-02-06
3658,890,2025-03-08
3659,783,2025-02-12
3660,967,2025-03-20
3661,925,2025-03-26
3662,123,2025-02-21
3663,879,2025-02-25
3664,387,2025-03-17
3665,339,2025-03-09
3666,778,2025-01-09
3667,348,2025-01-23
3668,29,2025-03-04
3669,975,2025-03-02
3670,35,2025-02-09
3671,518,2025-02-13
3672,396,2025-03-27
3673,623,2025-01-24
3674,294,2025-02-20
3675,589,2025-02-27
3676,349,2025-03-31
3677,147,2025-02-02
3678,67,2025-01-16
3679,904,2025-01-22
3680,520,2025-02-26
3681,122,2025-03-03
3682,340,2025-03-23
3683,175,2025-03-12
3684,900,2025-03-31
3685,691,2025-03-13
3686,597,2025-03-11
3687,451,2025-01-30
3688,557,2025-01-23
3689,136,2025-02-01
3690,855,2025-03-27
3691,16,2025-02-26
3692,333,2025-01-09
3693,195,2025-01-31
3694,496,2025-03-12
3695,9,2025-01-09
3696,828,2025-01-13
3697,334,2025-02-27
3698,333,2025-01-03
3699,327,2025-02-04
3700,15,2025-01-21
3701,839,2025-03-05
3702,614,2025-02-21
3703,226,2025-02-03
3704,425,2025-02-04
3705,790,2025-01-15
3706,408,2025-01-06
3707,113,2025-03-26
3708,997,2025-02-01
3709,428,2025-02-21
3710,1,2025-03-24
3711,266,2025-01-28
3712,491,2025-03-26
3713,208,2025-03-05
3714,622,2025-03-20
3715,712,2025-03-19
3716,952,2025-01-19
3717,369,2025-01-15
3718,985,2025-01-06
3719,306,2025-03-14
3720,12,2025-03-25
3721,345,2025-02-07
3722,465,2025-01-26
3723,700,2025-03-23
3724,666,2025-02-20
3725,494,2025-03-14
3726,368,2025-02-22
3727,846,2025-02-25
3728,937,2025-02-28
3729,420,2025-03-11
3730,889,2025-03-19
3731,791,2025-02-27
3732,171,2025-03-29
3733,134,2025-01-13
3734,965,2025-02-12
3735,427,2025-03-17
3736,25,2025-02-20
3737,530,2025-01-19
3738,190,2025-01-21
3739,141,2025-03-24
3740,555,2025-01-24
3741,846,2025-01-26
3742,796,2025-02-14
3743,658,2025-01-28
3744,315,2025-03-23
3745,444,2025-01-29
3746,319,2025-01-17
3747,441,2025-03-09
3748,92,2025-02-13
3749,179,2025-03-02
3750,56,2025-03-09
3751,155,2025-03-15
3752,672,2025-01-25
3753,111,2025-03-08
3754,137,2025-01-02
3755,232,2025-03-30
3756,992,2025-02-18
3757,468,2025-03-11
3758,732,2025-01-26
3759,481,2025-03-13
3760,68,2025-01-27
3761,814,2025-03-30
3762,249,2025-01-18
3763,994,2025-02-23
3764,323,2025-01-01
3765,922,2025-03-02
3766,904,2025-01-03
3767,518,2025-03-09
3768,976,2025-02-10
3769,792,2025-02-06
3770,432,2025-02-20
3771,487,2025-01-15
3772,606,2025-01-08
3773,429,2025-02-07
3774,269,2025-03-24
3775,709,2025-02-25
3776,537,2025-02-16
3777,148,2025-03-31
3778,118,2025-01-10
3779,850,2025-03-19
3780,367,2025-02-18
3781,850,2025-02-10
3782,66,2025-03-24
3783,970,2025-01-30
3784,813,2025-01-05
3785,370,2025-03-12
3786,175,2025-03-24
3787,831,2025-01-31
3788,588,2025-02-21
3789,495,2025-03-29
3790,973,2025-01-23
3791,114,2025-02-17
3792,111,2025-02-09
3793,761,2025-01-06
3794,439,2025-02-07
3795,715,2025-02-10
3796,147,2025-01-27
3797,35,2025-03-16
3798,999,2025-03-10
3799,309,2025-02-26
3800,538,2025-01-17
3801,750,2025-03-12
3802,14,2025-02-16
3803,374,2025-03-20
3804,557,2025-01-13
3805,428,2025-01-11
3806,728,2025-03-31
3807,233,2025-03-27
3808,705,2025-01-24
3809,563,2025-03-14
3810,939,2025-01-04
3811,887,2025-02-15
3812,726,2025-01-18
3813,663,2025-02-12
3814,440,2025-03-21
3815,502,2025-02-02
3816,275,2025-01-10
3817,850,2025-03-14
3818,76,2025-02-28
3819,439,2025-01-31
3820,732,2025-01-28
3821,860,2025-03-01
3822,956,2025-01-03
3823,699,2025-02-24
3824,289,2025-01-14
3825,915,2025-02-27
3826,540,2025-03-30
3827,891,2025-01-15
3828,692,2025-01-02
3829,253,2025-01-24
3830,126,2025-03-19
3831,177,2025-03-05
3832,37,2025-03-12
3833,410,2025-01-24
3834,611,2025-01-27
3835,610,2025-02-06
3836,127,2025-02-08
3837,483,2025-03-04
3838,168,2025-03-20
3839,592,2025-01-26
3840,294,2025-03-06
3841,845,2025-01-04
3842,638,2025-01-29
3843,343,2025-01-01
3844,310,2025-02-19
3845,662,2025-03-27
3846,528,2025-01-11
3847,540,2025-03-15
3848,419,2025-02-28
3849,444,2025-03-03
3850,685,2025-03-22
3851,558,2025-02-05
3852,840,2025-02-25
3853,236,2025-03-31
3854,439,2025-01-21
3855,214,2025-01-13
3856,85,2025-01-09
3857,794,2025-01-11
3858,744,2025-03-16
3859,85,2025-03-11
3860,921,2025-01-01
3861,489,2025-03-11
3862,65,2025-03-18
3863,646,2025-03-27
3864,663,2025-02-25
3865,627,2025-01-31
3866,64,2025-03-27
3867,343,2025-02-06
3868,939,2025-02-16
3869,875,2025-03-19
3870,919,2025-02-16
3871,352,2025-03-10
3872,158,2025-02-27
3873,589,2025-02-05
3874,491,2025-02-01
3875,658,2025-03-05
3876,855,2025-03-12
3877,463,2025-02-11
3878,225,2025-02-17
3879,917,2025-03-15
3880,313,2025-03-22
3881,615,2025-01-30
3882,919,2025-01-21
3883,859,2025-03-01
3884,813,2025-01-13
3885,940,2025-01-01
3886,466,2025-03-06
3887,88,2025-02-02
3888,883,2025-02-07
3889,303,2025-01-25
3890,680,2025-01-26
3891,435,2025-03-18
3892,682,2025-02-28
3893,135,2025-02-02
3894,50,2025-02-10
3895,432,2025-01-30
3896,340,2025-02-26
3897,347,2025-02-18
3898,646,2025-02-17
3899,347,2025-03-13
3900,649,2025-02-18
3901,245,2025-02-16
3902,109,2025-02-25
3903,825,2025-03-06
3904,799,2025-01-12
3905,533,2025-03-10
3906,90,2025-03-29
3907,296,2025-01-06
3908,112,2025-03-30
3909,813,2025-03-06
3910,589,2025-01-25
3911,177,2025-01-01
3912,343,2025-02-01
3913,660,2025-01-03
3914,101,2025-02-18
3915,758,2025-01-19
3916,629,2025-03-01
3917,604,2025-01-29
3918,401,2025-02-19
3919,28,2025-01-02
3920,937,2025-03-14
3921,962,2025-02-25
3922,537,2025-01-17
3923,58,2025-03-01
3924,498,2025-02-05
3925,297,2025-03-02
3926,134,2025-01-17
3927,331,2025-02-18
3928,249,2025-03-17
3929,550,2025-03-01
3930,902,2025-01-20
3931,941,2025-02-19
3932,75,2025-01-03
3933,654,2025-02-12
3934,834,2025-02-26
3935,168,2025-02-19
3936,771,2025-03-09
3937,503,2025-03-22
3938,885,2025-02-19
3939,355,2025-02-06
3940,225,2025-02-15
3941,664,2025-02-11
3942,531,2025-01-15
3943,146,2025-02-02
3944,960,2025-03-21
3945,241,2025-01-11
3946,884,2025-01-20
3947,893,2025-01-24
3948,344,2025-03-05
3949,749,2025-03-21
3950,35,2025-03-06
3951,702,2025-03-29
3952,1,2025-03-29
3953,996,2025-03-14
3954,153,2025-03-27
3955,429,2025-03-17
3956,945,2025-01-17
3957,508,2025-03-30
3958,126,2025-03-02
3959,491,2025-01-15
3960,482,2025-02-20
3961,345,2025-01-27
3962,912,2025-03-27
3963,738,2025-03-15
3964,221,2025-03-02
3965,915,2025-02-27
3966,919,2025-01-31
3967,723,2025-01-12
3968,25,2025-02-15
3969,528,2025-01-31
3970,182,2025-02-01
3971,499,2025-02-01
3972,841,2025-02-22
3973,641,2025-03-02
3974,42,2025-02-15
3975,915,2025-03-26
3976,481,2025-03-15
3977,930,2025-03-21
3978,848,2025-01-07
3979,748,2025-01-04
3980,872,2025-02-21
3981,439,2025-03-30
3982,402,2025-01-31
3983,546,2025-03-16
3984,345,2025-03-25
3985,893,2025-02-05
3986,45,2025-02-23
3987,646,2025-02-23
3988,21,2025-01-17
3989,634,2025-03-16
3990,70,2025-01-30
3991,864,2025-01-22
3992,873,2025-02-12
3993,48,2025-01-27
3994,491,2025-02-06
3995,551,2025-02-15
3996,287,2025-02-04
3997,10,2025-01-04
3998,542,2025-03-21
3999,756,2025-03-21
4000,274,2025-03-26
